Abbr,State,Status,Law Passed,Status Detail,Milestones,Last Updated,Change Flag,Suggested Status Detail Update,Suggested Milestones Update,Source Name,Source URL
ME,Maine,passed,"Maine's packaging EPR law (LD 1541, enacted July 2021) is in active implementation. A 2025 amendment (LD 1423, signed June 20, 2025) updated definitions, exclusions, and program structure. Chapter 428 rules were amended in March 2026 to add the Packaging Material Types List (Appendix A). The Maine DEP issued an RFP for a Stewardship Organization on June 15, 2026, with the solicitation closing August 23, 2026 and SO contract expected to begin September 15, 2026.","Maine DEP issued its long-delayed Stewardship Organization RFP on June 15, 2026; the solicitation closes August 23, 2026 and the DEP expects to execute the SO contract by September 15, 2026. Registration, invoicing, and producer start-up fee payment are now expected by end of 2026, with first municipal reimbursements projected for end of 2027. Producer guidance covering who qualifies as a producer, packaging material type identification, registration, and reporting methods is set for publication in summer 2026.","July 2021: LD 1541 enacted — first U.S. state packaging EPR law (38 M.R.S. § 2146) | June 20, 2025: LD 1423 signed — amended definitions, producer exemptions, toxicity standards, and excluded certain commercial/medical/hazardous packaging | December 2024: Maine Board of Environmental Protection adopted final program rules (Chapter 428) | March 2026: Chapter 428 amended to add Appendix A (Packaging Material Types List) and align with LD 1423 changes | June 15, 2026: Maine DEP issued Stewardship Organization RFP | August 23, 2026: RFP solicitation closes; SO contract targeted for September 15, 2026 | End of 2026: Producer registration and invoicing expected to begin | End of 2027: First municipal reimbursements projected",2026-08-20,Yes,"Stewardship organization had not yet been selected as of mid-2026; state issued an RFP for the SO on June 15, 2026.",No change suggested.,"Maine DEP — EPR for Packaging (official program page); Maine DEP GovDelivery — SO RFP Announcement (June 15, 2026); Proskauer — 2025 Guide to EPR Packaging Compliance; Verrill Law — Update on Status of Maine Packaging EPR (July 2026); Circular Action Alliance — Maine Program Page; Sustainable Packaging Coalition — Packaging Policy Roundup (June 22, 2026); Maine DEP — Chapter 428 Proposed Rulemaking (Appendix A)",https://www.maine.gov/dep/waste/recycle/epr.html ; https://content.govdelivery.com/accounts/MEDEP/bulletins/41c13c3 ; https://www.proskauer.com/alert/the-2025-guide-to-epr-packaging-compliance ; https://www.verrill-law.com/blog/update-on-status-of-maine-packaging-epr/ ; https://circularactionalliance.org/circular-action-alliance-maine ; https://sustainablepackaging.org/2026/06/22/packaging-policy-news/ ; https://www.maine.gov/tools/whatsnew/index.php?topic=dep-rulemaking&id=13281815&v=govdel
WA,Washington,passed,"Washington E2SSB 5284 (Recycling Reform Act, Chapter 70A.208 RCW) — signed into law May 17, 2025; active implementation underway as of August 2026, including a public comment period on preliminary statewide collection lists (Aug. 5–19, 2026).","The Recycling Reform Act establishes an EPR program for residential packaging (including plastic, paper, metal, and glass) and paper products, requiring producers to join the Circular Action Alliance (CAA), which was designated as the sole PRO by the Washington Department of Ecology on March 4, 2026. The July 1, 2026 deadline for producers to be registered with a PRO has now passed; Ecology is conducting a public comment period through August 19, 2026 on preliminary statewide collection lists, with final lists due by October 1, 2026. Rulemaking is ongoing, with full program implementation and PRO cost reimbursements for service providers scheduled for January 1, 2030.","April 24, 2025 – E2SSB 5284 passed by Washington Legislature | May 17, 2025 – Signed into law by Governor Bob Ferguson | July 27, 2025 – Law became effective | January 1, 2026 – Producers required to appoint a PRO | March 1, 2026 – PRO registration deadline with Ecology | March 4, 2026 – Ecology designates Circular Action Alliance (CAA) as the PRO | July 1, 2026 – Deadline for producers to be members of a PRO (passed) | August 5–19, 2026 – Public comment period on preliminary statewide collection lists (active at time of search) | September 1, 2026 – PRO one-time payment to Ecology due | October 1, 2026 – Ecology must publish final statewide collection lists | December 31, 2026 – Preliminary statewide recycling needs assessment due | October 1, 2028 – PRO must submit full program plan to Ecology | January 1, 2030 – Full EPR program implementation",2026-08-20,Yes,"By January 1, 2026, obligated producers were required to appoint a PRO, with formal PRO registration with the Department of Ecology by March 1, 2026; simplified material supply report due May 31, 2026.","CAA program plan for Washington due October 1, 2028.","Washington State Department of Ecology – Recycling Reform Act; Washington State Department of Ecology – PRO Page; Washington State Department of Ecology Blog – Recycling Reform Act will lower recycling costs (July 2026); Holland & Knight – Washington State Enacts EPR Program for Packaging and Paper Products; Circular Action Alliance – Washington Program Page; Circular Action Alliance – CAA Announced as PRO in Washington (March 4, 2026); Washington State Legislature – SB 5284 Bill Summary",https://ecology.wa.gov/waste-toxics/reducing-recycling-waste/our-recycling-programs/recycling-reform-act ; https://ecology.wa.gov/waste-toxics/reducing-recycling-waste/our-recycling-programs/recycling-reform-act/producer-responsibility-organization ; https://ecology.wa.gov/blog/july-2026/recycling-reform-act-will-lower-recycling-costs-in-washington-state ; https://www.hklaw.com/en/insights/publications/2025/05/washington-state-enacts-epr-program-for-packaging-and-paper-products ; https://circularactionalliance.org/circular-action-alliance-washington ; https://circularactionalliance.org/news-feed/circular-action-alliance-announced-as-the-producer-responsibility-organization-in-washington ; https://app.leg.wa.gov/billsummary?BillNumber=5284&Year=2025&Initiative=false
OR,Oregon,Passed,"2021, under the Plastic Pollution and Recycling Modernization Act (SB 582).",Program rules finalized; producer registration required and fees underway.,"Fees by material/recyclability/volume. Feb 2026: federal injunction for NAW members; trial July 13, 2026. DEQ published ~300 non-compliant producers Apr 9, 2026, fines up to $25k/day.",2026-07-07,Yes,"On Feb. 6, 2026, a federal judge granted NAW a preliminary injunction (limited to NAW members) on Dormant Commerce Clause/Due Process grounds; trial set for July 13, 2026. Oregon DEQ published a Producer Status List of ~300 non-compliant producers on April 9, 2026, with fines up to $25,000/day for non-registration.",No change suggested.,Faegre Drinker; White & Case,https://www.faegredrinker.com/en/insights/publications/2026/4/trade-group-lawsuits-challenge-extended-producer-responsibility-epr-laws-in-oregon-and-colorado ; https://www.whitecase.com/insight-alert/extended-producer-responsibility-epr-laws-new-supply-chain-compliance-requirement
MD,Maryland,passed,"Maryland SB 901 (Packaging and Paper Products Producer Responsibility Plan) was signed into law on May 13, 2025. Implementing regulations became effective May 25, 2026.","SB 901 established producer responsibility obligations for covered materials including primary, secondary, and tertiary packaging (plastic, paper, metal, glass, bags, and service packaging). The Maryland Department of the Environment adopted the first set of implementing regulations, published in the Maryland Register on May 15, 2026, and effective May 25, 2026, focusing on the registration process. The Circular Action Alliance (CAA) is the sole approved PRO; producers were required to register and submit a simplified supply report to CAA by May 31, 2026, with a full producer responsibility plan due to MDE by July 1, 2028.","April 7, 2025: Maryland General Assembly passed SB 901 | May 13, 2025: Governor Wes Moore signed SB 901 into law | February 6, 2026: MDE issued proposed implementing regulations for public comment | March 9, 2026: Public comment period on proposed regulations closed | May 5, 2026: MDE adopted first set of implementing regulations | May 15, 2026: Regulations published in Maryland Register | May 25, 2026: Implementing regulations became effective | May 31, 2026: Producer registration and simplified supply report deadline with CAA | July 1, 2026: PRO required to provide MDE a list of producers, brands, and material types | July 1, 2027: MDE to publish statewide list of recyclable/compostable covered materials | July 1, 2028: PROs must submit five-year Producer Responsibility Plan to MDE | October 29, 2028: Sales ban for producers without an approved producer plan on file",2026-08-20,Yes,"Producers must register with CAA by July 1, 2026, with a simplified supply report (2025 data) due May 31, 2026. Regulators to list covered materials by July 1, 2027.","Comprehensive responsibility plans due from the PRO by July 1, 2028, financed via reimbursements starting 2028, increasing to a maximum by 2030.","Holland & Knight – Maryland Finalizes First Set of EPR Regulations (May 27, 2026); Beveridge & Diamond – Maryland Becomes Sixth State to Enact Packaging EPR (updated March 19, 2026); Circular Action Alliance – Maryland Program Page; Maryland Department of the Environment – Producer Responsibility Program Page",https://www.hklaw.com/en/insights/publications/2026/05/maryland-finalizes-first-set-of-epr-regulations ; https://www.bdlaw.com/publications/maryland-becomes-sixth-state-to-enact-packaging-extended-producer-responsibility-washington-expected-to-follow/ ; https://circularactionalliance.org/circular-action-alliance-maryland ; https://mde.maryland.gov/programs/land/WasteManagement/Pages/ProducerResponsibility.aspx
CA,California,passed,"California SB 54 (Plastic Pollution Prevention and Packaging Producer Responsibility Act, signed 2022) — permanent implementing regulations finalized May 1, 2026; enforcement obligations active; CAA draft program plan submitted June 15, 2026; federal constitutional challenge filed June 22, 2026 (Nebraska v. Heller); law remains in effect pending court action.","Permanent SB 54 regulations took effect May 1, 2026 upon OAL approval, triggering producer registration and reporting obligations (initial deadline June 1, 2026). CAA submitted its draft California Program Plan to the SB 54 Advisory Board on June 15, 2026, opening a public comment period through August 14, 2026, with a final plan due to CalRecycle in October 2026 and full program implementation targeted for January 1, 2027. On June 22, 2026, a coalition of 17 state attorneys general led by Nebraska, joined by the National Association of Wholesaler-Distributors, filed a federal lawsuit (Nebraska v. Heller, E.D. Cal.) challenging SB 54 on Commerce Clause, First Amendment, and other constitutional grounds; the suit does not automatically suspend the law and no injunction has been issued.","June 30, 2022 — Governor Newsom signed SB 54 into law | March 7, 2025 — Governor Newsom directed CalRecycle to restart rulemaking over cost concerns | May 1, 2026 — OAL approved and filed permanent SB 54 regulations; took effect immediately | June 1, 2026 — Producer registration and baseline 2023 supply data submission deadline (CAA or CalRecycle) | June 2, 2026 — NRDC/Californians Against Waste/Oceana filed state court lawsuit challenging certain regulatory provisions (advanced recycling exemptions) | June 15, 2026 — CAA submitted draft California Program Plan to SB 54 Advisory Board; public comment open through August 14, 2026 | June 22, 2026 — 17-state coalition + NAW filed federal lawsuit Nebraska v. Heller challenging SB 54 constitutionality; no injunction issued | August 14, 2026 — Public comment deadline on CAA draft program plan | October 2026 — CAA to submit final program plan to CalRecycle | January 1, 2027 — Full EPR program implementation targeted; $500M/year producer fee regime to begin",2026-07-12,Yes,"Permanent regulations finalized May 1, 2026; program implementation targeted for Jan. 1, 2027. Facing a state-court challenge and a June 22, 2026 federal suit by 17 state AGs (led by Nebraska) plus NAW alleging Dormant Commerce Clause, First Amendment, and unlawful-delegation violations. No injunctive relief granted as of this writing; compliance obligations remain in force.","Individual Source Reduction Plans due Aug. 1, 2026; malus fees begin ~2027 (est. $25/ton, rising to $500-700/ton by 2032).","CalRecycle — SB 54 Official Program Page; Holland & Knight — California's Final EPR Regulations Now in Effect (May 11, 2026); Beveridge & Diamond — Seventeen States and NAW Challenge California's Packaging EPR Law (June 2026); Circular Action Alliance — California Program Plan Public Comment; Circular Action Alliance — CAA Submits California Program Plan Under SB 54 (June 15, 2026); Foley & Lardner — 17 States Challenge California Packaging Law With National Supply Chain Stakes (June 2026); Keller and Heckman — California Packaging EPR Program Faces Legal Challenges (June 2026); Proskauer — 2025 Guide to EPR Packaging Compliance; Beveridge & Diamond — CalRecycle Reissues Draft SB 54 Regulations (May 2025)",https://calrecycle.ca.gov/packaging/packaging-epr/ ; https://www.hklaw.com/en/insights/publications/2026/05/californias-final-epr-regulations-now-in-effect ; https://www.bdlaw.com/publications/seventeen-states-and-naw-challenge-californias-packaging-epr-law/ ; https://circularactionalliance.org/ca/program-plan-public-comment ; https://circularactionalliance.org/news-feed/ca-plan-submission-2026 ; https://www.foley.com/insights/publications/2026/06/17-states-challenge-california-packaging-law-with-national-supply-chain-stakes/ ; https://www.khlaw.com/insights/california-packaging-epr-program-faces-legal-challenges ; https://www.proskauer.com/alert/the-2025-guide-to-epr-packaging-compliance ; https://www.bdlaw.com/publications/calrecycle-reissues-draft-sb-54-regulations-targeting-californias-plastic-packaging-epr-program/
CO,Colorado,passed,"Colorado HB22-1355 (Producer Responsibility Program for Statewide Recycling Act), signed June 3, 2022, covering all packaging materials and paper products (including poly bags, plastic film, paper, and other flexible/rigid packaging). The program entered active implementation as of January 1, 2026, with producer dues obligations live. Within the last 30 days, the ILMA lawsuit against CDPHE (filed March 12, 2026) remains pending in Denver District Court with no injunction in place, and SB26-192 (EPR dues appeal bill) was introduced in the 2026 session but did not advance to enactment before the legislature adjourned May 13, 2026.","Colorado's EPR program is fully live: producers of all covered packaging and paper products have been required to register with CAA since October 2024, submit supply reports (2024 data due July 31, 2025; 2025 data due May 31, 2026), and pay annual dues beginning January 2026. CDPHE approved CAA's final program plan on December 9, 2025, with CAA required to begin full implementation by June 9, 2026. A legal challenge by the Independent Lubricant Manufacturers Association (ILMA) filed March 12, 2026 in Denver District Court alleges constitutional and statutory violations in CDPHE's program implementation; no injunction has been issued and the program continues to operate.","June 3, 2022: Governor Polis signed HB22-1355 into law | May 2023: CDPHE designated Circular Action Alliance (CAA) as the state PRO | June 14, 2024: Solid and Hazardous Waste Commission adopted final Section 18 producer regulations | October 1, 2024: Producer registration deadline with CAA | July 1, 2025: Prohibition on selling/distributing covered materials without program participation took effect | July 31, 2025: Initial supply report deadline (2024 data) | September 2025: CDPHE approved Interchange 360's individual program plan for automotive lubricant packaging | November 2025: Solid and Hazardous Waste Commission adopted eco-modulation ruleset (Section 18 amendments) | December 9, 2025: CDPHE approved CAA's final program plan | January 2026: Producer dues obligations began | March 12, 2026: ILMA filed lawsuit in Denver District Court challenging CDPHE's EPR implementation (no injunction issued; program continues) | March 13, 2026: Interchange 360 began implementation for automotive lubricant packaging | May 13, 2026: Colorado legislature adjourned; SB26-192 (EPR dues appeal bill, sponsored by Sen. Cutter) failed to advance to enactment | June 9, 2026: Deadline for CAA to begin full program plan implementation | May 31, 2026: 2025 annual supply report deadline for producers",2026-07-12,Yes,"In March 2026, the Independent Lubricant Manufacturers Association sued CDPHE challenging delegation of authority to LPMA (a second PRO alongside CAA for petroleum/automotive products).",No change suggested.,"Colorado General Assembly – HB22-1355 bill page; Colorado General Assembly – SB26-192 bill page; CDPHE – Producer Responsibility Program (official state agency page); Circular Action Alliance – Colorado EPR page; Proskauer Rose LLP – EPR Packaging Law Update (July 2026); Faegre Drinker – Trade Group Lawsuits Challenge EPR Laws in Oregon and Colorado; Pillsbury Law – Colorado Packaging EPR Program Faces Legal Challenge from Lubricant Trade Association; Sustainable Packaging Coalition – Packaging Policy News (May 21, 2026); LegiScan – Colorado SB192 (2026); Mondaq/Proskauer – EPR Packaging Law Update (July 2026)",https://leg.colorado.gov/bills/hb22-1355 ; https://leg.colorado.gov/bills/SB26-192 ; https://cdphe.colorado.gov/hm/epr-program ; https://circularactionalliance.org/circular-action-alliance-colorado ; https://www.proskauer.com/alert/extended-producer-responsibility-packaging-law-update ; https://www.faegredrinker.com/en/insights/publications/2026/4/trade-group-lawsuits-challenge-extended-producer-responsibility-epr-laws-in-oregon-and-colorado ; https://www.pillsburylaw.com/en/news-and-insights/colorado-packaging-extended-producer-responsibility-program-lubricant-trade-association.html ; https://sustainablepackaging.org/2026/05/21/packaging-policy-news/ ; https://legiscan.com/CO/bill/SB192/2026 ; https://www.mondaq.com/unitedstates/environmental-law/1813312/extended-producer-responsibility-epr-packaging-law-update
MN,Minnesota,passed,"Minnesota Packaging Waste and Cost Reduction Act (HF 3911 / Minn. Stat. § 115A.144–115A.1463), signed into law May 21, 2024; active implementation ongoing with MPCA rulemaking initiated May 2026.","The law is fully enacted and in active implementation. The MPCA completed a preliminary assessment in February 2026 and needs assessment surveys are underway with a final needs assessment due December 31, 2026. On May 15, 2026, the MPCA issued a formal notice of intent to develop rules to clarify definitions, exemptions, and statewide requirements under the Act, representing a significant recent development in implementation. Covered materials broadly include all packaging and packaging components (including plastic film such as boat wrap, single-use bags, food wrapping film, and shipping materials), food packaging, and paper products sold or shipped into Minnesota.","May 21, 2024: Governor Walz signed HF 3911, enacting the Packaging Waste and Cost Reduction Act | January 1, 2025: MPCA required to appoint PRO and advisory board | February 18, 2025: MPCA confirmed Circular Action Alliance (CAA) as Minnesota's sole PRO | July 1, 2025: Producer registration deadline with CAA (PRO membership required) | February 2026: MPCA published preliminary assessment | March 2026: MPCA needs assessment surveys initiated | May 15, 2026: MPCA issued formal notice of intent to develop implementing rules | December 31, 2026: Full needs assessment due | October 1, 2028: PRO stewardship plan due to MPCA | January 1, 2032: All covered packaging must be reusable, recyclable, compostable, or collected by approved alternative system",2026-08-20,Yes,Producers subject to limited registration requirements 2025-2026; PRO to begin operations 2027-2028.,Full stewardship plan implementation 2029-2032; substantive packaging requirements take effect 2032.,"Minnesota Pollution Control Agency – EPR for Packaging (official); Fredrikson & Byron – MPCA Intends to Develop Rules (May 2026); Fredrikson & Byron – Minnesota Enacts EPR Law, Key Compliance Deadlines; Beveridge & Diamond – Minnesota Fifth State to Enact EPR Law for Packaging; Proskauer – 2025 Guide to EPR Packaging Compliance; Circular Action Alliance – Minnesota EPR Program Page; Circular Action Alliance – Producer Registration Now Open for Minnesota; Sustainable Packaging Coalition – Minnesota HF 3911 (2024); MPCA – Packaging Waste and Cost Reduction Act Draft Assessment (Dec 2025); Resource Recycling – Minnesota Publishes Prelim EPR Assessment (Feb 2026); Recycling Today – Needs Assessment Surveys for Minnesota EPR Law Underway (Mar 2026); CSG Midwest – Minnesota Implementing EPR for Packaging (Mar 2026)",https://www.pca.state.mn.us/air-water-land-climate/extended-producer-responsibility-for-packaging ; https://www.fredlaw.com/alert-mpca-intends-to-develop-rules-to-implement-extended-producer-responsibility-law ; https://www.fredlaw.com/alert-minnesota-enacts-extended-producer-responsibility-epr-law-key-compliance-deadlines-begin-july-1-2025 ; https://www.bdlaw.com/publications/minnesota-becomes-fifth-state-to-enact-epr-law-for-packaging-and-paper-first-to-enact-epr-law-for-boat-wrap/ ; https://www.proskauer.com/alert/the-2025-guide-to-epr-packaging-compliance ; https://circularactionalliance.org/circular-action-alliance-minnesota ; https://circularactionalliance.org/news-feed/producer-registration-now-open-for-minnesotas-new-packaging-epr-program ; https://epr.sustainablepackaging.org/policies/HF3911 ; https://www.pca.state.mn.us/events-and-meetings/packaging-waste-and-cost-reduction-act-draft-assessment-2025-12-16-0 ; https://resource-recycling.com/recycling/2026/02/20/minnesota-publishes-prelim-epr-needs-assessment/ ; https://www.recyclingtoday.com/news/needs-assessment-surverys-minnesota-epr-law-underway/ ; https://csgmidwest.org/2026/03/11/most-states-have-some-type-of-extended-producer-responsibility-statute-minnesota-is-implementing-one-new-to-the-midwest-epr-for-packaging/
IL,Illinois,pending,"Illinois has enacted Public Act 103-0383 (SB 1555, 2023) establishing a Statewide Recycling Needs Assessment Advisory Council — not a full EPR program. A separate substantive EPR bill, HB 4064 (the Extended Producer Responsibility and Recycling Refund Act), was introduced May 21, 2025, and remains referred to the House Rules Committee with no further action. Earlier shell companion bills SB 1817 and HB 3161 (introduced February 2025) also remain stalled with no activity since introduction.","Illinois EPA provided the draft Statewide Recycling Needs Assessment (conducted by consultant Eunomia) to the Advisory Council on June 30, 2026; the assessment must be finalized by November 1, 2026, and the Advisory Council must report to the General Assembly and Governor by December 1, 2026. HB 4064, the only substantive EPR packaging bill currently in play, remains in the House Rules Committee at the proposal stage with no new legislative action. No comprehensive packaging EPR law has been enacted in Illinois.","July 2023: Public Act 103-0383 (SB 1555) signed — establishes Statewide Recycling Needs Assessment Advisory Council and mandates needs assessment | June 30, 2026: Illinois EPA delivered draft Statewide Recycling Needs Assessment (by Eunomia) to Advisory Council | November 1, 2026: Deadline for Illinois EPA to finalize the needs assessment | December 1, 2026: Advisory Council report with EPR program recommendations due to General Assembly and Governor | February 2025: Shell companion bills SB 1817 and HB 3161 introduced; no substantive content, no action since introduction | May 21, 2025: HB 4064 (Extended Producer Responsibility and Recycling Refund Act) introduced and referred to House Rules Committee — remains pending",2026-08-20,New,n/a,n/a,"Proskauer – EPR Packaging Law Update (July 1, 2026); Beveridge & Diamond – EPR Packaging and Recycled Content Laws (Feb 2025); Mayer Brown – EPR Packaging Laws Moving from Concept to Compliance (Feb 2026); Illinois EPA – Statewide Recycling Needs Assessment Advisory Council (official state site); Justia – 415 ILCS 180 Statewide Recycling Needs Assessment Act (Illinois compiled statutes); LegiScan – Illinois HB4064 (104th General Assembly, 2025-2026); Compliance & Risks – Packaging EPR Expansion: New Developments Across the U.S. (May 2025); Illinois EPA – SRNAAC Meeting #15 Agenda (May 11, 2026)",https://www.proskauer.com/alert/extended-producer-responsibility-packaging-law-update ; https://www.bdlaw.com/publications/epr-packaging-and-recycled-content-laws-continue-to-trend-as-legislatures-consider-policies-to-address-packaging-waste-challenges/ ; https://www.mayerbrown.com/en/insights/publications/2026/02/epr-packaging-laws-moving-from-concept-to-compliance ; https://epa.illinois.gov/topics/waste-management/materials-management/srnaac.html ; https://law.justia.com/codes/illinois/chapter-415/act-415-ilcs-180/ ; https://legiscan.com/IL/bill/HB4064/2025 ; https://www.complianceandrisks.com/blog/packaging-epr-expansion-new-developments-across-the-u-s/ ; https://epa.illinois.gov/content/dam/soi/en/web/epa/topics/waste-management/materials-management/documents/srnaac/051126-Meeting-Agenda.pdf
NJ,New Jersey,pending,"New Jersey S673 / A3744 (""Packaging and Paper Product Stewardship Act"") — the 2026-session reintroduction of prior bills S3398 / A5009 — is pending in the Senate Environment and Energy Committee. No EPR packaging law has been enacted in New Jersey.","S3398 and A5009 died on January 12, 2026, when the 2024–2025 legislative session ended without a floor vote. The bills were reintroduced on January 13, 2026, as S673 / A3744 in the new 2026–2027 session and referred to the Senate Environment and Energy Committee, where they remain pending with no further action reported. The legislation would cover all packaging product types — including primary, secondary, tertiary, and service packaging (carry-out bags, bulk goods bags, take-out bags, home delivery packaging, etc.) — made of any material, requiring producers to join a PRO or submit their own stewardship plan and meet source-reduction and recyclability targets.","June 2024: S3398 introduced as the 'Packaging and Paper Product Stewardship Act' in the 2024–2025 session | February 10, 2025: S3398 advanced out of the Senate Environment and Energy Committee on a party-line vote after multiple hearings and amendments | January 12, 2026: S3398 and companion A5009 died at end of 2024–2025 legislative session without a full chamber vote | January 13, 2026: Bills reintroduced as S673 / A3744 in the 2026–2027 session; referred to Senate Environment and Energy Committee — no further action as of August 2026",2026-08-20,New — NEEDS REVIEW,n/a,n/a,"Proskauer Rose LLP – EPR Packaging Law Update (July 2026); Mayer Brown – EPR Packaging Laws Moving from Concept to Compliance (Feb. 2026); LegiScan – NJ S673 (2026–2027 Session); NJ Legislature – S673 Bill Text (pub.njleg.gov); NJ Senate Democrats – Senate Environment and Energy Committee Advances S3398 (Feb. 10, 2025); New Jersey Monitor – Senate Panel Approves Bill to Reduce Packaging Waste (Feb. 10, 2025); Sustainable Packaging Coalition – Packaging Policy Roundup (May 2026); BillTrack50 – NJ S3398 Bill Detail (showing Dead 01/12/2026)",https://www.proskauer.com/alert/extended-producer-responsibility-packaging-law-update ; https://www.mayerbrown.com/en/insights/publications/2026/02/epr-packaging-laws-moving-from-concept-to-compliance ; https://legiscan.com/NJ/bill/S673/2026 ; https://pub.njleg.gov/Bills/2026/S1000/673_I1.HTM ; https://www.njsendems.org/CivicAlerts.aspx?AID=609 ; https://newjerseymonitor.com/2025/02/10/senate-panel-approves-bill-to-reduce-packaging-waste/ ; https://sustainablepackaging.org/2026/05/21/packaging-policy-news/ ; https://www.billtrack50.com/billdetail/1740441
NY,New York,pending,"New York Packaging Reduction and Recycling Infrastructure Act (PRRIA), S.1464A / A.1749, failed to pass for the third consecutive year after the 2026 legislative session adjourned on June 5–6, 2026 without a floor vote in either chamber.","The amended bill (S.1464A / A.1749A), which covers all packaging including plastic film, bags, and other packaging materials, received nearly 150 amendments in late April 2026 to align with Minnesota and California frameworks, but Assembly Speaker Carl Heastie confirmed it lacked the votes to reach the Assembly floor. The Senate had passed prior versions in both 2024 and 2025, but the Assembly has blocked passage each time. The 2025–2026 session has adjourned sine die, meaning the bill is dead for this session and would need to be reintroduced in the next legislative session.","January 2025: S.1464 / A.1749 reintroduced in the 2025–2026 legislative session by Sen. Harckham and Assemblymember Glick | April 29, 2026: Sponsors announced ~150 amendments to PRRIA (S.1464A / A.1749A), aligning timelines and definitions with Minnesota and California EPR laws | May–June 2026: Coalition of 80+ business associations issued formal opposition memo; Assembly Speaker signaled bill lacked votes | June 5–6, 2026: NY legislature adjourned without floor vote in either chamber — bill died for third consecutive year",2026-08-20,New,n/a,n/a,"NY Senate Official Press Release – Harckham/Glick Amendments (April 29, 2026); NY Senate Bill S1464A Text; Packaging Dive – New York packaging EPR bill won't move forward in 2026 (June 5, 2026); Packaging Strategies – New York Legislature Adjourns without Passing Packaging EPR Bill (June 8, 2026); Packaging Technology Today – New York Packaging EPR Bills Fail Again (June 15, 2026); NCA (Candy USA) – New York Packaging EPR Bills Fail In Third Attempt (June 9, 2026); Resource Recycling – New York packaging EPR bill faces June 10 deadline (May 26, 2026); Resource Recycling – New York packaging EPR bill gets nearly 150 amendments (May 1, 2026); Recycling Today – New York EPR bill undergoes sweeping amendments (May 5, 2026); Proskauer – 2025 Guide to EPR Packaging Compliance",https://www.nysenate.gov/newsroom/press-releases/2026/pete-harckham/harckham-glick-introduce-amendments-packaging-reduction ; https://www.nysenate.gov/legislation/bills/2025/S1464/amendment/A ; https://www.packagingdive.com/news/new-york-epr-packaging-2026-fails-bottle-bill-dsny/822145/ ; https://www.packagingstrategies.com/articles/106491-new-york-legislature-adjourns-without-passing-packaging-epr-bill ; https://www.packagingtechtoday.com/materials/flexible/unreasonable-new-york-packaging-epr-bills-fail-again/ ; https://candyusa.com/cst/new-york-packaging-epr-bills-fail-in-third-attempt/ ; https://resource-recycling.com/recycling/2026/05/26/new-york-packaging-epr-bill-faces-june-10-deadline/ ; https://resource-recycling.com/recycling/2026/05/01/new-york-packaging-epr-bill-gets-nearly-150-amendments/ ; https://www.recyclingtoday.com/news/new-york-packaging-epr-bill-undergoes-sweeping-amendments/ ; https://www.proskauer.com/alert/the-2025-guide-to-epr-packaging-compliance
HI,Hawaii,passed,"Hawaii HB 750 signed into law May 27, 2025, requiring the Department of Health to conduct a statewide needs assessment for a potential packaging EPR program covering packaging materials and paper products (including all packaging types such as bags, film, and paper); assessment due to the Legislature by December 31, 2027. A separate full EPR bill, HB 1264, was introduced January 22, 2025, stalled in committee, and was carried over to the 2026 Regular Session where it remains pending with no further advancement reported.","HB 750 is enacted law: the Hawaii Department of Health began needs assessment work on July 1, 2025, supported by an advisory council and $1.5 million in annual funding for FY2026 and FY2027, with findings due to the Legislature by December 31, 2027. HB 1264, a full EPR program bill covering all packaging types including bags, was carried over to the 2026 Regular Session on December 8, 2025, but has not advanced beyond committee referral. No new EPR packaging bills have been introduced or passed in Hawaii in the 30 days prior to this check.","May 27, 2025: Governor Josh Green signed HB 750 into law, establishing a statewide packaging and paper products EPR needs assessment | July 1, 2025: Hawaii Department of Health commenced needs assessment work with advisory council formation | December 8, 2025: HB 1264 (full EPR program bill covering all packaging types including bags) carried over to 2026 Regular Session, still pending in committee | December 31, 2027: Deadline for needs assessment findings to be reported to the Hawaii Legislature",2026-08-20,New,n/a,n/a,"Proskauer Rose – EPR Packaging Law Update; Sustainable Packaging Coalition – EPR Policy Guide; Packaging Dive – Hawaii Governor Signs HB 750; National Law Review – Hawaii Signs EPR Assessment Law; Hawaii State Legislature – HB 1264 (2026 Session); Hawaii State Legislature – HB 750 (2025 Session, Legiscan text); BillTrack50 – HI HB1264",https://www.proskauer.com/alert/extended-producer-responsibility-packaging-law-update ; https://epr.sustainablepackaging.org/policies ; https://www.packagingdive.com/news/hawaii-recycling-needs-assessment-packaging-epr/749515/ ; https://natlawreview.com/article/hawaii-assess-establishment-epr-program-reduce-packaging-and-paper-waste ; https://www.capitol.hawaii.gov/session/measure_indiv.aspx?billtype=HB&billnumber=1264&year=2026 ; https://legiscan.com/HI/text/HB750/id/3120660 ; https://www.billtrack50.com/billdetail/1799582
NC,North Carolina,pending,"North Carolina HB 882, 'Break Free From Plastic & Forever Chemicals,' introduced April 2025, would establish an EPR program for packaging materials, ban PFAS and other toxic substances from packaging, and require producers to join a Producer Responsibility Organization; the bill remains stalled in the House Rules, Calendar, and Operations Committee.","HB 882 was filed in April 2025 and referred to the House Rules Committee on April 10, 2025, where it has stalled with no further action recorded. An earlier version of the same bill died in the same committee in the 2023 session (H 279), and a prior version also failed in 2021-2022 (H 1113). As of the most recent reporting in June-July 2026, no advancement out of committee has occurred.","April 2025: HB 882 'Break Free From Plastic & Forever Chemicals' filed in NC House for the 2025-2026 session | April 10, 2025: Bill referred to House Rules, Calendar, and Operations Committee — last recorded action | June 2026: Bill remains stalled in committee with no reported advancement | Prior versions (H 1113 in 2021-2022, H 279 in 2023) both died in the same committee",2026-08-20,New,n/a,n/a,NC General Assembly – HB 882 Bill Lookup (Official); Proskauer Rose – EPR Packaging Law Update (July 2026); Mayer Brown – EPR Packaging Laws Moving from Concept to Compliance (Feb 2026); Proskauer Rose – 2025 Guide to EPR Packaging Compliance; UNC Legislative Reporting Service – H 882 Bill Summary; North Carolina Health News – Push to Hold Plastics Producers Accountable (June 2026); Compliance & Risks – Packaging EPR Expansion: New Developments Across the U.S.,https://www.ncleg.gov/BillLookup/2025/H882 ; https://www.proskauer.com/alert/extended-producer-responsibility-packaging-law-update ; https://www.mayerbrown.com/en/insights/publications/2026/02/epr-packaging-laws-moving-from-concept-to-compliance ; https://www.proskauer.com/alert/the-2025-guide-to-epr-packaging-compliance ; https://lrs.sog.unc.edu/billsum/h-882-2025-2026 ; https://www.northcarolinahealthnews.org/2026/06/23/hold-plastics-producers-accountable-in-north-carolina/ ; https://www.complianceandrisks.com/blog/packaging-epr-expansion-new-developments-across-the-u-s/
MA,Massachusetts,Pending,Not enacted. SB571 (also referenced as S.571/H.926).,Listed as still under active consideration as of early 2026.,No milestones yet.,2026-07-07,New,n/a,n/a,Compliance & Risks,https://www.complianceandrisks.com/blog/extended-producer-responsibility-for-packaging-in-the-united-states-a-2025-update/
RI,Rhode Island,pending,"Rhode Island H6207 (Needs Assessment/Study Law) was signed into law June 30, 2025. Separate full EPR packaging bills H.B. 7910 and S.B. 2656, introduced February 27, 2026, are pending in committee and have not passed.","H6207, signed by Gov. Dan McKee on June 30, 2025, converted what had been a full EPR-plus-bottle-bill proposal into a statewide recycling needs assessment law, requiring the Rhode Island Department of Environmental Management to hire a third-party consultant by October 29, 2025, with a final report due December 1, 2026. In the 2026 session, two new full EPR packaging bills—H.B. 7910 and S.B. 2656—were introduced on February 27, 2026, covering all packaging and paper products; H.B. 7910 received a committee hearing on May 27, 2026, and S.B. 2656 remained under committee review, with no floor votes taken. Stakeholders and legislators are largely deferring action on the full EPR bills pending completion of the DEM consultant's needs assessment report, expected December 1, 2026.","H6207 signed into law by Gov. McKee on June 30, 2025, establishing a packaging/recycling needs assessment with consultant report due December 1, 2026 | Full EPR packaging bills H.B. 7910 and S.B. 2656 introduced February 27, 2026, covering all packaging and paper products | H.B. 7910 received a House Environment and Natural Resources Committee hearing on May 27, 2026; S.B. 2656 remains in committee | No full EPR law passed; legislative activity largely paused pending DEM needs assessment report due December 1, 2026",2026-08-20,New,n/a,n/a,"Legiscan – Rhode Island H6207 (2025); RI Legislature – H6207 Substitute A As Amended (official bill text); RI DEM – Statewide Implementation Analysis (SIA) page; Waste Dive – Rhode Island lawmakers replace EPR and bottle bill proposal with study bill (June 26, 2025); Hunton (law firm) – EPR for Packaging Mid-Year Update (Sept. 2025); Sustainable Packaging Coalition – EPR Guide to All Policies (lists RI H.B. 7910, S.B. 7911, S.B. 2656); Sustainable Packaging Coalition – Packaging Policy Roundup (Apr. 2026); Sustainable Packaging Coalition – Packaging Policy Roundup (June 2026); FEDA – Missouri, Rhode Island Weigh EPR Laws Targeting Packaging (Apr. 20, 2026); RI Legislature – Beyond Plastics opposition memo on H.7910 (May 27, 2026 committee hearing); Rhode Island Current – Bottle bill/EPR push in 2026 session (May 28, 2026); Packaging Dive – EPR retains packaging policy spotlight in 2026 (Jan. 30, 2026)",https://legiscan.com/RI/bill/H6207/2025 ; https://webserver.rilegislature.gov/BillText25/HouseText25/H6207Aaa.htm ; https://dem.ri.gov/about-us/featured-initiatives/beverage-container-recycling-redemption-study ; https://www.wastedive.com/news/rhode-island-study-bill-recycling-epr-bottle-bill-to-governor/751734/ ; https://www.hunton.com/the-nickel-report/extended-producer-responsibility-for-packaging-mid-year-update ; https://epr.sustainablepackaging.org/policies ; https://sustainablepackaging.org/2026/04/29/packaging-policy-news/ ; https://sustainablepackaging.org/2026/06/22/packaging-policy-news/ ; https://www.feda.com/news/missouri-rhode-island-weigh-epr-laws-targeting-packaging ; https://www.rilegislature.gov/Special/comdoc/House%20Environment%20and%20Natural%20Resources%202026/05-27-2026--H7910--Johnathan_Berard(Beyond%20Plastics)--enr.pdf ; https://rhodeislandcurrent.com/2026/05/28/the-pressures-off-but-the-push-for-a-bottle-bill-is-still-on-this-legislative-session/ ; https://www.packagingdive.com/news/packaging-policy-regulation-2026-extended-producer-responsibility-labeling/810561/
CT,Connecticut,pending,"No packaging EPR law has passed in Connecticut. HB 6917 (2025), a feasibility study bill for consumer packaging EPR, was tabled to the Senate calendar on June 4, 2025, and did not advance to enactment. A follow-on bill, HB 5151 (2026), which would have required EPR recommendations based on Connecticut's waste characterization study, was introduced February 11, 2026, but died in committee. Connecticut is not among the seven states with enacted packaging EPR laws.","Connecticut's 2025 packaging EPR activity was limited to HB 6917 (Substitute), which would have mandated a study on the need and viability of packaging EPR for consumer packaging by January 15, 2027; the bill was tabled to the Senate calendar on June 4, 2025, the final day of the legislative session, and did not become law. In the 2026 session, HB 5151 was introduced to advance EPR recommendations derived from the state's waste characterization study but died in committee. Connecticut's 2026 session has concluded with no packaging EPR bill enacted, and any new bill would need to be reintroduced in 2027.","Feb 2025: HB 6917 introduced; called for packaging EPR feasibility study with report due Jan 15, 2027 | June 4, 2025: HB 6917 tabled to Senate calendar on final day of session; did not advance to enactment | Feb 11, 2026: HB 5151 introduced, would have required EPR recommendations from waste characterization study | 2026 session concluded: HB 5151 died in committee; no packaging EPR legislation enacted | Post-2026: Any new Connecticut packaging EPR bill must be reintroduced in 2027 session",2026-08-20,,,,Proskauer Rose LLP – EPR Packaging Law Update (July 2026); National Law Review / Bergeson & Campbell – Snapshot of EPR in 2025; Connecticut General Assembly – HB 6917 Bill Status (2025); Compliance & Risks – Packaging EPR Expansion: New Developments Across the U.S.; Sustainable Packaging Coalition – Packaging Policy Roundup (June 2026); Connecticut DEEP – Extended Producer Responsibility and Product Stewardship; O'Melveny – 2026 Plastics EPR & Packaging Rules Update,https://www.proskauer.com/alert/extended-producer-responsibility-packaging-law-update ; https://natlawreview.com/article/snapshot-extended-producer-responsibility-2025 ; https://www.cga.ct.gov/asp/cgabillstatus/cgabillstatus.asp?selBillType=Bill&bill_num=HB06917&which_year=2025 ; https://www.complianceandrisks.com/blog/packaging-epr-expansion-new-developments-across-the-u-s/ ; https://sustainablepackaging.org/2026/06/22/packaging-policy-news/ ; https://portal.ct.gov/DEEP/P2/Product-Stewardship/Product-Stewardship ; https://www.omm.com/insights/alerts-publications/2026-plastics-epr-packaging-rules-update-what-sb-54-sb-343-state-reporting-deadlines-prc-laws-the-eu-ppwr-mean-for-producers-retailers/
DE,Delaware,pending,"Delaware SB 287 (153rd General Assembly, 2025-2026 session) — a solid waste recycling bill requiring recycling access notification and education — passed the legislature and was transmitted to the governor on June 30, 2026. Delaware has no comprehensive EPR packaging producer-responsibility law; SB 287 is not an EPR packaging law but is the only active packaging/recycling-adjacent legislation moving through the current session.","SB 287, introduced April 21, 2026 and amended (SA 1) on May 21, 2026, amends Title 7 of the Delaware Code relating to solid waste recycling to require recycling access notification and education; it was sent to the governor on June 30, 2026 and has not yet been signed or vetoed as of the date of this search. No comprehensive EPR packaging producer-responsibility bill has been introduced or advanced in Delaware in the 2025-2026 session or prior recent sessions; Delaware is not among the seven states that have enacted packaging EPR laws, nor among states currently debating a full EPR packaging bill.","SB 287 introduced in Delaware General Assembly on April 21, 2026 (recycling access notification and education bill, amending Title 7 solid waste recycling law) | Amendment SA 1 to SB 287 introduced and placed on May 21, 2026 | SB 287 passed legislature and transmitted to governor on June 30, 2026 — awaiting signature or veto | No comprehensive packaging EPR producer-responsibility bill introduced or pending in Delaware as of August 2026",2026-08-20,,,,"LegiScan — Delaware SB287 (153rd General Assembly); Policy Pickup — Weekly Policy Pickup (July 2, 2026): SB 287 sent to governor; Policy Pickup — 2026 Bill Breakdown (SB 287 among bills that passed); Proskauer — The 2025 Guide to EPR Packaging Compliance (seven enacted states, Delaware not listed); Holland & Knight — State EPR Laws Update, January 2026; DNREC — Delaware Plastic Carryout Bag Ban (existing bag law, in effect since July 1, 2022); Sustainable Packaging Coalition — EPR Packaging Policy Guide",https://legiscan.com/DE/bill/SB287/2025?guid=55erDpoZuD2u4mYlx67arG ; https://policypickup.substack.com/p/weekly-policy-pickup-b47 ; https://policypickup.substack.com/p/2026-bill-breakdown ; https://www.proskauer.com/alert/the-2025-guide-to-epr-packaging-compliance ; https://www.hklaw.com/en/insights/publications/2026/01/the-latest-pandoras-box-what-you-need-to-know-now-about-state-epr-laws ; https://dnrec.delaware.gov/waste-hazardous/recycling/plastic-bags ; https://epr.sustainablepackaging.org/policies
GA,Georgia,none,"Georgia HB 1237, the Pollution Prevention and Producer Responsibility Act of 2026, was introduced on February 6, 2026, and died in committee without advancing.","HB 1237 would have amended Chapter 8 of Title 12 of the Official Code of Georgia Annotated to establish a comprehensive EPR framework covering packaging, paper products, and beverage containers, with a Producer Responsibility Advisory Board, recycling and composting standards, toxin reduction requirements, and reporting and enforcement provisions. The bill was referred to the House Natural Resources and Environment Committee after second readers on February 10, 2026, but died in committee and did not advance further. No EPR packaging law has been enacted in Georgia.","February 6, 2026: HB 1237 (Pollution Prevention and Producer Responsibility Act of 2026) introduced in the Georgia House | February 10, 2026: Bill referred to House Natural Resources and Environment Committee after second readers | Bill died in committee — no further legislative action taken",2026-08-20,,,,"Proskauer Rose LLP – EPR Packaging Law Update (July 1, 2026); LegiScan – Georgia HB1237 (2025-2026 Regular Session); EY – US Packaging EPR in 2026: Costs and Compliance",https://www.proskauer.com/alert/extended-producer-responsibility-packaging-law-update ; https://legiscan.com/GA/bill/HB1237/2025 ; https://www.ey.com/en_us/insights/sustainability/us-packaging-epr-in-2026-costs-and-compliance
IA,Iowa,none,"Iowa has no enacted or pending state EPR packaging legislation. Iowa's most recent EPR-related action is as a plaintiff in a federal lawsuit challenging California's packaging EPR law (SB 54), filed June 22, 2026.","Iowa has no state-level EPR packaging bill introduced, pending, or passed in the current 91st General Assembly (2025–2026). Iowa's Attorney General joined a 17-state coalition led by Nebraska, filing suit in the U.S. District Court for the Eastern District of California (State of Nebraska et al. v. Heller et al., Case No. 2:26-at-01047) challenging California's SB 54 on Dormant Commerce Clause, First Amendment, and Due Process grounds. The coalition seeks to block enforcement of California's EPR law while the case proceeds.","No Iowa state EPR packaging bill introduced or pending in 91st General Assembly (2025–2026 session, adjourned sine die) | June 22, 2026: Iowa AG joins 17-state federal lawsuit (Nebraska-led) challenging California's SB 54 packaging EPR law, seeking injunction against enforcement",2026-08-20,,,,"NAW – 17 AGs Challenge California EPR Law (June 22, 2026); Packaging Dive – 17 Republican AGs Suing Over California Packaging EPR Law (June 23, 2026); OurQuadCities – Iowa Joins Lawsuit Against Phasing Out Single-Use Plastics (June 23, 2026); OFW Law – California SB 54 Litigation Signals Changes for EPR Packaging Compliance (June 24, 2026); Iowa Legislature – 91st General Assembly Bill Tracking; Iowa Legislature – 2026 Session Enrolled Bills; Proskauer – 2025 Guide to EPR Packaging Compliance (Oct. 2025); Holland & Knight – What You Need to Know Now About State EPR Laws (Jan. 2026); Sustainable Packaging Coalition – Packaging Policy News (July 29, 2026)",https://www.naw.org/naw-joins-17-attorneys-general-challenge-california-epr-law/ ; https://www.packagingdive.com/news/state-attorneys-general-lawsuit-california-sb54-nebraska-national-association-wholesalers/823414/ ; https://www.ourquadcities.com/news/local-news/iowa-joins-lawsuit-against-phasing-out-single-use-plastic-products/ ; https://ofwlaw.com/california-sb-54-litigation-signals-changes-for-extended-producer-responsibility-epr-packaging-compliance/ ; https://www.legis.iowa.gov/legislation/findLegislation/allbills ; https://www.legis.iowa.gov/law/statutory/acts/enrolledBills ; https://www.proskauer.com/alert/the-2025-guide-to-epr-packaging-compliance ; https://www.hklaw.com/en/insights/publications/2026/01/the-latest-pandoras-box-what-you-need-to-know-now-about-state-epr-laws ; https://sustainablepackaging.org/2026/07/29/packaging-policy-news/
MI,Michigan,pending,"Michigan HB 5902 (2024), a comprehensive packaging EPR bill covering all packaging types (including plastic film, bags, paper, and mesh), did not pass in the 2023–2024 legislative session. No new Michigan packaging EPR bill has been identified as introduced or advancing in the 2025–2026 session.","HB 5902, introduced July 31, 2024 by Rep. Abraham Aiyash (D) and referred to the House Committee on Natural Resources, Environment, Tourism and Outdoor Recreation, did not advance before the end of the 2023–2024 legislative session. As of mid-2026, Michigan has no enacted comprehensive packaging EPR law and no successor bill has been identified as introduced in the current session. Michigan remains listed among states with active recycling-related bills, but no new packaging EPR bill number for the 2025–2026 session has been confirmed.","July 31, 2024: HB 5902 introduced by Rep. Abraham Aiyash (D); covered all packaging types, excluded deposit beverage containers; referred to House Committee on Natural Resources, Environment, Tourism and Outdoor Recreation | End of 2023–2024 legislative session: HB 5902 did not pass; no enacted Michigan packaging EPR law as of mid-2026 | March 2026: CSG Midwest confirms HB 5902 introduced but not advanced; no new Michigan packaging EPR bill reported for 2025–2026 session",2026-08-20,,,,Michigan Legislature – HB 5902 (2024) Official Bill Page; CSG Midwest – EPR for Packaging in the Midwest (March 2026); Sustainable Packaging Coalition – EPR Policy Guide (Michigan HB 5902 entry); Sustainable Packaging Coalition – Packaging Policy News (Sept 2025); Proskauer – 2025 Guide to EPR Packaging Compliance,https://www.legislature.mi.gov/Bills/Bill?ObjectName=2024-HB-5902 ; https://csgmidwest.org/2026/03/11/most-states-have-some-type-of-extended-producer-responsibility-statute-minnesota-is-implementing-one-new-to-the-midwest-epr-for-packaging/ ; https://epr.sustainablepackaging.org/policies ; https://sustainablepackaging.org/2025/09/23/packaging-policy-news/ ; https://www.proskauer.com/alert/the-2025-guide-to-epr-packaging-compliance
MO,Missouri,pending,"Missouri HB 3504, the 'Producer Responsibility Program for Statewide Recycling Act,' was introduced on February 26, 2026 and referred to the House Emerging Issues Committee on May 15, 2026. The 2026 regular session has since adjourned (sine die) without the bill advancing further.","HB 3504 would require producers of packaging and paper products — including all packaging material types — to join or form a nonprofit Producer Responsibility Organization (PRO) that funds and manages a statewide recycling system. The bill is a partisan Democratic-sponsored measure and did not meaningfully advance, remaining in early committee stage at adjournment. Missouri is considered a political longshot for EPR passage in the near term.","February 26, 2026: HB 3504 introduced in the Missouri House as the 'Producer Responsibility Program for Statewide Recycling Act' | May 15, 2026: Bill referred to House Emerging Issues Committee — last recorded action | May 15, 2026: Missouri 2026 regular session adjourned sine die with bill stalled in committee",2026-08-20,,,,"LegiScan – Missouri HB3504 2026 Regular Session; EY – US Packaging EPR in 2026: Costs and Compliance; Sustainable Packaging Coalition – EPR Guide to All Policies; Sustainable Packaging Coalition – Packaging Policy News (May 2026); FEDA – Missouri, Rhode Island Weigh EPR Laws Targeting Packaging (April 2026)",https://legiscan.com/MO/bill/HB3504/2026 ; https://www.ey.com/en_us/insights/sustainability/us-packaging-epr-in-2026-costs-and-compliance ; https://epr.sustainablepackaging.org/policies ; https://sustainablepackaging.org/2026/05/21/packaging-policy-news/ ; https://www.feda.com/news/missouri-rhode-island-weigh-epr-laws-targeting-packaging
NE,Nebraska,none,"Nebraska LB 607 (EPR Data Collection Act, Minimum Recycled Content Act, and battery stewardship provisions) was introduced January 2025, reintroduced January 7, 2026, and indefinitely postponed on April 17, 2026. No EPR packaging law has passed in Nebraska.","LB 607 was a broad omnibus bill covering EPR data collection for packaging, minimum recycled content requirements, and battery stewardship. It was reintroduced in the 2026 session but was indefinitely postponed on April 17, 2026, meaning it failed for the current session. Nebraska has no enacted EPR packaging law and no active pending packaging EPR bill as of mid-2026.","January 22, 2025: LB 607 introduced in Nebraska Legislature (109th session) covering EPR Data Collection Act, Minimum Recycled Content Act, and battery provisions | February 2025: Last legislative action on LB 607 in the 2025 session; bill did not advance | January 7, 2026: LB 607 reintroduced for the 2026 legislative session | April 17, 2026: LB 607 indefinitely postponed — bill failed for the session",2026-08-20,,,,"Proskauer Rose LLP – EPR Packaging Law Update (July 2026); LegiScan – Nebraska LB607 (2025-2026, 109th Legislature); Sustainable Packaging Coalition – Packaging Policy Roundup (July 2026); Bergeson & Campbell – Snapshot of EPR in 2025 (December 2025); Nebraska Legislature – LB 607 Fiscal Note (Official); PPAI – 10 States to Watch for Packaging EPR in 2026 (February 2026)",https://www.proskauer.com/alert/extended-producer-responsibility-packaging-law-update ; https://legiscan.com/NE/bill/LB607/2025 ; https://sustainablepackaging.org/2026/07/29/packaging-policy-news/ ; https://www.lawbc.com/a-snapshot-of-extended-producer-responsibility-in-2025/ ; https://nebraskalegislature.gov/FloorDocs/109/PDF/FN/LB607_20250226-115352.pdf ; https://www.ppai.org/media-hub/10-states-to-watch-for-new-packaging-epr-laws-in-2026/
NH,New Hampshire,none,"New Hampshire HB 1789-FN, an EPR packaging bill introduced January 7, 2026, was voted 'Inexpedient to Legislate' by the House on February 19, 2026. No EPR packaging law has passed in New Hampshire.","HB 1789-FN would have established a producer-funded packaging reduction and recycling program covering all packaging materials (paper, plastic, glass, metal, and multi-material), requiring producers to pay stewardship fees based on the quantity and type of packaging sold into New Hampshire. The House adopted the 'Inexpedient to Legislate' motion by voice vote on February 19, 2026, effectively killing the bill. This follows the same outcome as the prior-session bill HB 1630, which was also voted down in February 2024.","January 7, 2026: HB 1789-FN introduced in the New Hampshire House of Representatives | February 19, 2026: House adopts 'Inexpedient to Legislate' motion by voice vote — bill dies",2026-08-20,,,,"Proskauer Rose LLP – EPR Packaging Law Update (July 1, 2026); Ropes & Gray – Ten Recent US Packaging EPR Developments (February 24, 2026); DLA Piper – Horizon: News and Trends in Sustainability Law, February 2026; LegiScan – New Hampshire HB1789 2026 Regular Session (official bill text and status); Holland & Knight – The Latest Pandora's Box: What You Need to Know Now About State EPR Laws (January 22, 2026); Sustainable Packaging Coalition – Packaging Policy News (May 21, 2026)",https://www.proskauer.com/alert/extended-producer-responsibility-packaging-law-update ; https://www.ropesgray.com/en/insights/viewpoints/102mk4f/ten-recent-us-packaging-epr-developments-for-legal-and-compliance-professionals ; https://www.dlapiper.com/en-us/insights/publications/horizon/2026/horizon-news-and-trends-in-sustainability-law-february-2026 ; https://legiscan.com/NH/text/HB1789/id/3291777 ; https://www.hklaw.com/en/insights/publications/2026/01/the-latest-pandoras-box-what-you-need-to-know-now-about-state-epr-laws ; https://sustainablepackaging.org/2026/05/21/packaging-policy-news/
TN,Tennessee,none,"Tennessee SB 0269 / HB 0600 (Tennessee Waste to Jobs Act), a packaging EPR bill introduced in January 2025, was sidelined in the Senate Energy, Agriculture and Natural Resources Committee on March 11, 2026 and died when the 114th General Assembly adjourned sine die on April 23, 2026. No EPR packaging law has been enacted in Tennessee.","SB 0269 / HB 0600 was introduced January 23, 2025 by Sen. Heidi Campbell (D) and Rep. Bob Freeman (D), amended in early 2026 to add small-business (under $10M revenue) and small-county (under 200,000 residents) opt-outs, and attracted Republican co-sponsors. On March 11, 2026 it was passed over in the Senate Energy, Agriculture and Natural Resources Committee and the House companion was taken off notice March 18, 2026; both bills died at session adjournment April 23–24, 2026. Sponsor Campbell has publicly committed to reintroducing the bill in the 2027 session with a more intensive public campaign.","Jan 23, 2025 – SB 0269 / HB 0600 introduced in 114th General Assembly | Feb 2025 – Action deferred in Senate Government Operations Committee to 2026 session | Early 2026 – Bill amended to add small-business and small-county opt-out provisions; gained Republican co-sponsors | Mar 11, 2026 – Senate Government Operations Committee recommended passage (8-1), then referred to Senate Energy, Ag. & Natural Resources Committee, where bill was passed over (sidelined) | Mar 18, 2026 – House companion HB 0600 taken off notice in Agriculture & Natural Resources Subcommittee | Apr 23–24, 2026 – 114th General Assembly adjourned sine die; SB 0269 / HB 0600 officially dead | Post-session – Sponsor vows reintroduction in 2027 with expanded public outreach campaign",2026-08-20,,,,"LegiScan – TN SB0269 (114th General Assembly); LegiScan – TN HB0600 (114th General Assembly); Waste Dive – Tennessee packaging EPR bill sidelined for 2026 (Mar 12, 2026); Packaging Dive – Tennessee packaging EPR bill sidelined for 2026 (Mar 12, 2026); Packaging Dive – Tennessee packaging EPR bill revamped with small business, county exemptions (Feb 10, 2026); Sustainable Packaging Coalition – Packaging Policy Roundup (Jul 29, 2026); Tennessee Lookout – Tennessee legislature once again looks at recycling bills (Jan 26, 2026); Tennessee Lookout – Bill boosting Tennessee's matchmaker role for recycling advances (Mar 12, 2026); BillTrack50 – TN SB0269",https://legiscan.com/TN/bill/SB0269/2025 ; https://legiscan.com/TN/bill/HB0600/2025 ; https://www.wastedive.com/news/tennessee-waste-to-jobs-packaging-epr-sidelined-2026/814570/ ; https://www.packagingdive.com/news/tennessee-waste-to-jobs-packaging-epr-sidelined-2026/814510/ ; https://www.packagingdive.com/news/tennessee-packaging-epr-waste-to-jobs-campbell/811847/ ; https://sustainablepackaging.org/2026/07/29/packaging-policy-news/ ; https://tennesseelookout.com/2026/01/26/with-landfills-filling-up-tennessee-legislature-once-again-looks-at-recycling-bills/ ; https://tennesseelookout.com/2026/03/12/bill-boosting-tennessees-matchmaker-role-for-recycling-programs-and-private-buyers-advances/ ; https://www.billtrack50.com/billdetail/1800052
UT,Utah,none,"Utah has not passed or introduced any state-level EPR packaging legislation. Utah's Attorney General joined a 17-state coalition lawsuit filed June 22, 2026, challenging California's packaging EPR law (SB 54) in federal court.","Utah is not among the seven states that have enacted packaging EPR laws (Maine, Oregon, Colorado, California, Minnesota, Maryland, Washington), and no Utah EPR packaging bill has been identified in the 2025 or 2026 legislative sessions by any tracked source. The notable Utah development is its participation as a plaintiff in a federal lawsuit (State of Nebraska et al. v. Heller et al., Case No. 2:26-at-01047, E.D. Cal.) filed June 22, 2026, seeking to enjoin enforcement of California's SB 54 on Commerce Clause, First Amendment, and other constitutional grounds. The lawsuit targets mandatory PRO participation, fee-setting by a private PRO, plastic source-reduction requirements, and the alleged extraterritorial reach of California's packaging EPR regime.","June 22, 2026: Utah AG joins 17-state coalition and NAW lawsuit challenging California SB 54 packaging EPR law in U.S. District Court, Eastern District of California | No Utah state EPR packaging bill introduced, pending, or passed as of August 2026 per all tracked sources",2026-08-20,,,,Beveridge & Diamond – Seventeen States and NAW Challenge California's Packaging EPR Law; KUER (NPR Utah) – Utah and 16 Other States Challenge California's Strict Plastics Recycling Law; Holland & Knight – The Latest Pandora's Box: What You Need to Know Now About State EPR Laws; Mayer Brown – EPR Packaging Laws Moving from Concept to Compliance; Proskauer – Seven States and Counting: The 2025 Guide to EPR Packaging Compliance; Sustainable Packaging Coalition – EPR Guide to All Policies; Utah Legislature – 2026 General Session; ESG Dive – 17 Republican AGs suing over California packaging EPR law,https://www.bdlaw.com/publications/seventeen-states-and-naw-challenge-californias-packaging-epr-law/ ; https://www.kuer.org/politics-government/2026-06-23/utah-and-16-other-states-challenge-californias-strict-plastics-recycling-law ; https://www.hklaw.com/en/insights/publications/2026/01/the-latest-pandoras-box-what-you-need-to-know-now-about-state-epr-laws ; https://www.mayerbrown.com/en/insights/publications/2026/02/epr-packaging-laws-moving-from-concept-to-compliance ; https://www.proskauer.com/en/insights/publications/the-2025-guide-to-epr-packaging-compliance ; https://epr.sustainablepackaging.org/policies ; https://le.utah.gov/~2026/2026.htm/ ; https://www.esgdive.com/news/state-attorneys-general-lawsuit-california-sb54-nebraska-national-association-wholesalers/823638/
VT,Vermont,pending,"Vermont S.139 (2025-2026 session), 'An act relating to the management of materials from packaging,' was introduced April 2, 2025, and referred to the Senate Committee on Natural Resources and Energy, where it did not advance out of committee.","S.139 would have required a needs assessment on the management of packaging materials distributed in Vermont — covering reuse, recyclability, safety, toxicity reduction, and quantity — including all packaging types such as film, bags, and other forms. The bill was referred to the Senate Committee on Natural Resources and Energy on April 2, 2025, but failed to advance out of committee by end of the 2025 portion of the session. Vermont is identified as a state that could attempt a renewed packaging EPR effort in 2027 or 2028.","April 2, 2025: S.139 introduced and referred to Senate Committee on Natural Resources and Energy | 2025 session close: S.139 failed to advance out of committee; no enacted packaging EPR law in Vermont",2026-08-20,,,,"Proskauer Rose LLP – EPR Packaging Law Update (July 1, 2026); Vermont Legislature – Bill Status S.139 (2025-2026 Session); Sustainable Packaging Coalition – Packaging Policy Roundup (July 29, 2026); Vermont Department of Environmental Conservation – Product Stewardship",https://www.proskauer.com/alert/extended-producer-responsibility-packaging-law-update ; https://legislature.vermont.gov/bill/status/2026/S.139 ; https://sustainablepackaging.org/2026/07/29/packaging-policy-news/ ; https://dec.vermont.gov/waste-management/solid/product-stewardship
VA,Virginia,pending,"Virginia has no enacted EPR packaging law. At least one packaging EPR bill (covering all packaging types, including films, bags, and paper) is pending and will carry over from the 2026 legislative session into 2027 without requiring full reintroduction.","Virginia remains in the pre-enactment category alongside New Jersey as one of only two states whose packaging EPR bill carries over automatically to the 2027 session, rather than expiring at session end. Multiple sources from January–July 2026 confirm Virginia has a pending proposal but no enacted law. No specific bill number has been confirmed by allowable sources with sufficient confidence to cite.","Prior packaging EPR bills (HB 647, HB 709, HB 918) introduced in 2022 Regular Session; none enacted | Virginia identified by Holland & Knight (Jan 2026) and SPC (Jun–Jul 2026) as having a pending proposal that could be reintroduced | SPC confirmed (June and July 2026) that Virginia's bill carries over to 2027, unlike most other states where bills expire at session end | No enactment or governor signature reported as of August 2026",2026-08-20,,,,Holland & Knight – State EPR Laws Alert (Jan 2026); Sustainable Packaging Coalition – Packaging Policy Roundup (June 2026); Sustainable Packaging Coalition – Packaging Policy Roundup (July 2026); Sustainable Packaging Coalition – EPR Guide to All Policies,https://www.hklaw.com/en/insights/publications/2026/01/the-latest-pandoras-box-what-you-need-to-know-now-about-state-epr-laws ; https://sustainablepackaging.org/2026/06/22/packaging-policy-news/ ; https://sustainablepackaging.org/2026/07/29/packaging-policy-news/ ; https://epr.sustainablepackaging.org/policies
WI,Wisconsin,none,Wisconsin companion EPR packaging bills AB 772 and SB 778 were introduced in December 2025 and failed to advance before the legislative session deadline in March 2026; no EPR packaging law has been enacted in Wisconsin.,"AB 772 (Assembly) and SB 778 (Senate) — identical bills creating a packaging reduction and recycling producer responsibility program administered by the Wisconsin DNR — were introduced December 17, 2025, referred to committee, but both failed to pass before the March 2026 session deadline and would need to be reintroduced to move forward. The bills' primary sponsor acknowledged advancement was not expected this session. Wisconsin has no enacted EPR packaging law as of today.","December 17, 2025: AB 772 introduced in Assembly (referred to Committee on Environment); companion SB 778 introduced in Senate (referred to Committee on Natural Resources, Veteran and Military Affairs) | March 23, 2026: AB 772 died at end of legislative deadline; SB 778 also failed to advance — both bills would require reintroduction to proceed",2026-08-20,,,,"Proskauer Rose – EPR Packaging Law Update (July 1, 2026); Wisconsin Legislature – AB 772 Bill Text (official); Wisconsin Legislature – SB 778 Bill Text (official); Holland & Knight – State EPR Laws Update (January 2026); Sustainable Packaging Coalition – EPR Policy Guide (AB 772 / SB 778 listed as Introduced); CSG Midwest – EPR for Packaging in the Midwest (March 2026); Sustainable Packaging Coalition – Packaging Policy Roundup (June 2026)",https://www.proskauer.com/alert/extended-producer-responsibility-packaging-law-update ; https://docs.legis.wisconsin.gov/2025/related/proposals/ab772 ; https://docs.legis.wisconsin.gov/2025/proposals/sb778 ; https://www.hklaw.com/en/insights/publications/2026/01/the-latest-pandoras-box-what-you-need-to-know-now-about-state-epr-laws ; https://epr.sustainablepackaging.org/policies ; https://csgmidwest.org/2026/03/11/most-states-have-some-type-of-extended-producer-responsibility-statute-minnesota-is-implementing-one-new-to-the-midwest-epr-for-packaging/ ; https://sustainablepackaging.org/2026/06/22/packaging-policy-news/
