Decision,Abbr,State,Status,Law Passed,Status Detail,Milestones,Source Name,Source URL
,AL,Alabama,none,"Alabama has no state EPR packaging legislation introduced or enacted. Alabama's AG joined a 17-state federal lawsuit in June 2026 to block California's packaging EPR law (SB 54), signaling active opposition to EPR-style mandates.","No EPR packaging bill (covering any bagging or packaging material type) has been introduced or passed in the Alabama Legislature as of September 2026. Alabama's 2026 regular session adjourned sine die with no such legislation on the docket. The state's most significant EPR-related action is the Alabama Attorney General joining a 17-state coalition lawsuit filed June 22, 2026, in the U.S. District Court for the Eastern District of California, challenging California's Plastic Pollution Prevention and Packaging Producer Responsibility Act (SB 54) on Commerce Clause and delegation grounds.","June 22-24, 2026: Alabama AG Steve Marshall joins 17-state federal lawsuit challenging California's SB 54 packaging EPR law, seeking injunctive relief and a declaratory judgment that the law is unconstitutional | 2026 Alabama regular session adjourned sine die with no packaging EPR bill introduced or considered",Alabama Attorney General – Official Press Release on California Plastics Act Lawsuit; Alabama Reflector – Alabama Joins Lawsuit Challenging California Plastic Packaging Law (June 2026); Stateline – 17 GOP AGs Sue California Over Single-Use Plastics Law (June 2026); Proskauer – Extended Producer Responsibility (EPR) Packaging Law Update (July 2026); Proskauer – Seven States and Counting: The 2025 Guide to EPR Packaging Compliance; Holland & Knight – The Latest Pandora's Box: What You Need to Know Now About State EPR Laws (January 2026); Beveridge & Diamond – Packaging the Future: EPR Laws Presentation (March 2026); Sustainable Packaging Coalition – EPR Guide to All Policies; Circular Action Alliance – About; LegiScan – Alabama 2026 Regular Session; Alabama Legislature – Bill Search (Official),https://www.alabamaag.gov/californias-plastics-act-prompts-15-state-lawsuit-over-state-sovereignty-and-economic-impacts/ ; https://www.alreporter.com/2026/06/24/alabama-joins-lawsuit-challenging-california-plastic-packaging-law/ ; https://stateline.org/2026/06/23/17-gop-ags-sue-california-over-single-use-plastics-law/ ; https://www.proskauer.com/alert/extended-producer-responsibility-packaging-law-update ; https://www.proskauer.com/alert/the-2025-guide-to-epr-packaging-compliance ; https://www.hklaw.com/en/insights/publications/2026/01/the-latest-pandoras-box-what-you-need-to-know-now-about-state-epr-laws ; https://www.acc.com/sites/default/files/2026-03/2026-03-05-ACC-NE-EPR-Presentation---Packaging-the-Future_-EPR-Laws-and-What-You-Need-to-Know-Now.pdf ; https://epr.sustainablepackaging.org/policies ; https://circularactionalliance.org/about ; https://legiscan.com/AL/legislation/2026 ; https://alison.legislature.state.al.us/bill-search
,CO,Colorado,passed,"Colorado HB22-1355 (Producer Responsibility Program for Statewide Recycling Act), signed June 2022, is in active implementation as of January 2026. A federal constitutional challenge (NAW v. Ryan) was filed July 30, 2026 and a preliminary injunction motion is pending; no stay or injunction has been granted.","HB22-1355 covers all packaging materials and paper products (including plastic, film, paper, and other packaging formats) sold or distributed in Colorado. CDPHE approved CAA's final program plan on December 9, 2025; mandatory producer dues began January 1, 2026, and CAA began implementation by its June 9, 2026 statutory deadline. On July 30, 2026, NAW filed NAW v. Ryan (Case No. 1:26-cv-03460) in federal court challenging the constitutionality of the law; CDPHE's response to the preliminary injunction motion was due September 16, 2026, and no injunction has been granted as of the current date.","June 3, 2022: HB22-1355 signed into law | May 2023: CDPHE designates Circular Action Alliance (CAA) as the state PRO | October 1, 2024: Initial producer registration deadline with CAA | November 2025: Solid and Hazardous Waste Commission adopts final Section 18 eco-modulation regulations | December 9, 2025: CDPHE approves CAA's final program plan | January 1, 2026: Producer dues obligations go live; program enters active implementation | March 12, 2026: ILMA files state-court suit (ILMA v. CDPHE, Denver District Court No. 2026CV30902) challenging CDPHE's approval of Interchange 360's individual program plan for lubricant packaging | June 9, 2026: CAA's statutory six-month implementation deadline reached | July 30, 2026: NAW files federal constitutional challenge NAW v. Ryan (Case No. 1:26-cv-03460) with accompanying preliminary injunction motion | August 5, 2026: NAW files preliminary injunction motion seeking to bar enforcement and defer fee obligations | September 16, 2026: CDPHE response to preliminary injunction motion due; no ruling issued as of September 24, 2026","Colorado General Assembly – HB22-1355 bill page; CDPHE – Producer Responsibility Program (official); Circular Action Alliance – Colorado state page; Arnold & Porter – NAW v. Ryan federal lawsuit alert (Aug 2026); Pillsbury Law – ILMA v. CDPHE legal challenge alert (2026); Holland & Knight – EPR state law overview (Jan 2026); Faegre Drinker – Colorado EPR registration alert (Sep 2024); Resource Recycling – Colorado EPR programs move from planning to practice (Sep 17, 2026); Resource Recycling – NAW sues Colorado over EPR packaging law (Jul 30, 2026); Environment Law & Policy blog – NAW v. Ryan analysis (Aug 13, 2026); Davis Graham – Colorado Producer Responsibility Program analysis (May 2026); NAW – Official press release on Colorado lawsuit (Jul 30, 2026)",https://leg.colorado.gov/bills/hb22-1355 ; https://cdphe.colorado.gov/hm/epr-program ; https://circularactionalliance.org/circular-action-alliance-colorado ; https://www.arnoldporter.com/en/perspectives/blogs/environmental-edge/2026/08/trade-association-challenges-or-and-ca-epr-programs ; https://www.pillsburylaw.com/en/news-and-insights/colorado-packaging-extended-producer-responsibility-program-lubricant-trade-association.html ; https://www.hklaw.com/en/insights/publications/2026/01/the-latest-pandoras-box-what-you-need-to-know-now-about-state-epr-laws ; https://www.faegredrinker.com/en/insights/publications/2024/9/fast-approaching-extended-producer-responsibility-deadlines-colorado-epr-requirements-and-registration ; http://resource-recycling.com/policy-now/2026/09/17/colorados-epr-programs-move-from-planning-to-practice/ ; https://resource-recycling.com/policy-now/2026/07/30/naw-sues-colorado-over-epr-packaging-law/ ; https://www.environmentallawandpolicy.com/2026/08/trade-association-challenges-colorado-packaging-epr-law/ ; https://davisgraham.com/news-events/colorados-producer-responsibility-program-for-statewide-recycling-act/ ; https://www.naw.org/naw-files-colorado-epr-lawsuit/
,CT,Connecticut,none,"Connecticut has no enacted packaging EPR law. Two consecutive packaging EPR bills have failed: HB 6917 (2025) passed the House 138-0 but died on the Senate calendar on June 4, 2025, and HB 5151 (2026), which would have required submission of proposals derived from Connecticut's waste characterization study including EPR recommendations, was introduced in February 2026 and died in committee.","Connecticut's 2025 bill (HB 6917, a solid-waste omnibus that included a mandate to study the need and viability of packaging EPR by January 15, 2027) advanced further than any prior packaging EPR measure but stalled in the Senate and never came to a vote. A follow-on 2026 bill (HB 5151) raised by the Environment Committee was also introduced in February 2026 and died in committee. Connecticut's 2026 legislative session has since concluded without passing any packaging EPR law or study mandate, and any future bill would need to be reintroduced in 2027.","HB 6917 (2025): passed House 138-0; tabled on Senate calendar June 4, 2025 — died without a Senate vote | HB 5151 (2026): introduced by Environment Committee February 11, 2026 — died in committee; 2026 session ended with no packaging EPR law enacted | Connecticut listed as a state to watch for potential 2027 EPR introduction alongside Massachusetts and Vermont",Proskauer Rose – Extended Producer Responsibility Packaging Law Update (July 2026); Bergeson & Campbell / National Law Review – A Snapshot of EPR in 2025; Compliance & Risks – Packaging EPR Expansion: New Developments Across the U.S.; Connecticut General Assembly – HB-6917 Bill History (2025); Connecticut General Assembly – HB-5151 Bill History (2026); Connecticut DEEP – Extended Producer Responsibility and Product Stewardship; Sustainable Packaging Coalition – Packaging Policy Roundup (June 2026); EPR Atlas – U.S. Packaging EPR Regulations by State (2026 Tracker); PPAI – 10 States To Watch For New Packaging EPR Laws In 2026,https://www.proskauer.com/alert/extended-producer-responsibility-packaging-law-update ; https://www.lawbc.com/a-snapshot-of-extended-producer-responsibility-in-2025/ ; https://www.complianceandrisks.com/blog/packaging-epr-expansion-new-developments-across-the-u-s/ ; https://www.cga.ct.gov/2025/cbs/H/pdf/HB-6917.pdf ; https://www.cga.ct.gov/2026/cbs/H/pdf/HB-5151.pdf ; https://portal.ct.gov/deep/p2/product-stewardship/product-stewardship ; https://sustainablepackaging.org/2026/06/22/packaging-policy-news/ ; https://epratlas.com/ ; https://www.ppai.org/media-hub/10-states-to-watch-for-new-packaging-epr-laws-in-2026/
,DE,Delaware,pending,"Delaware SB 130 (Senate Substitute 1) — a ban on retail sale of expanded polystyrene foam food service packaging, foam coolers, and loose-fill packaging (e.g., packing peanuts) by retail stores and wholesalers — passed the Delaware Senate 17-4 on June 25, 2025, and was reported out of House committee, but no comprehensive EPR packaging law (producer responsibility organization, fees, stewardship plans) has been introduced or enacted in Delaware.","Delaware has no comprehensive EPR packaging legislation (no PRO framework, producer fees, or stewardship plan requirements). The most significant recent packaging-related action is SS1 for SB 130, which bans retail and wholesale sale of EPS foam food service packaging, foam coolers, and loose-fill packaging, with an effective date of January 1, 2027; its final enactment status could not be confirmed from available sources. The 153rd General Assembly has adjourned sine die. Delaware does not appear on any tracked list of states with introduced, pending, or enacted comprehensive packaging EPR bills.","SB 51 signed August 22, 2023; polystyrene foam ban at food establishments took effect July 1, 2025 | SS1 for SB 130 introduced May 2025, passed Delaware Senate 17-4 on June 25, 2025; reported out of House committee — bans retail/wholesale sale of EPS foam packaging and loose-fill; effective date January 1, 2027 | SB 178 signed July 1, 2025 — exempts Department of Correction Level IV/V facilities from the SB 51 food-service polystyrene ban | No comprehensive EPR packaging bill (PRO, producer fees, stewardship plans) introduced or tracked in Delaware as of September 2026",Delaware General Assembly — SB 130 Bill Detail; Delaware General Assembly — SS1 for SB 130 Bill Detail; Delaware General Assembly — SB 51 Bill Detail; Delaware General Assembly — SB 178 Bill Detail; LegiScan — Delaware SB130 (153rd General Assembly); LegiScan — Delaware Legislature Dashboard; Holland & Knight — State EPR Laws Jan 2026; Proskauer — 2025 Guide to EPR Packaging Compliance; Sustainable Packaging Coalition — EPR Policy Tracker; Coastal Point — Delaware SB 130 retail foam ban coverage,https://legis.delaware.gov/BillDetail?LegislationId=142221 ; https://legis.delaware.gov/BillDetail?LegislationId=142568 ; https://legis.delaware.gov/BillDetail/130016 ; https://www.legis.delaware.gov/BillDetail/142442 ; https://legiscan.com/DE/bill/SB130/2025 ; https://legiscan.com/DE ; https://www.hklaw.com/en/insights/publications/2026/01/the-latest-pandoras-box-what-you-need-to-know-now-about-state-epr-laws ; https://www.proskauer.com/alert/the-2025-guide-to-epr-packaging-compliance ; https://epr.sustainablepackaging.org/policies ; https://www.coastalpoint.com/news/state/carryout-containers-can-t-be-styrofoam-starting-on-july-1/article_ced8cfa3-5695-4252-b689-834c87fd3241.html
,FL,Florida,none,"No EPR packaging law has passed in Florida. The most relevant 2026 packaging bill, SB 240 (Auxiliary Containers), died in the Senate Appropriations Committee on Agriculture, Environment, and General Government on March 13, 2026, the last day of the 2026 legislative session. A companion preemption expansion bill, SB 766/HB 629, also failed. Florida retains its existing state preemption blocking local governments from regulating auxiliary containers (plastic bags, paper bags, and similar packaging materials), but no new statewide EPR or packaging reduction law was enacted.","Florida's 2026 legislative session ran January 13 to March 13, 2026 and ended without passing any EPR packaging legislation or packaging restriction bill. SB 240, which would have directed the Florida DEP to develop a uniform ordinance covering single-use nonrecyclable auxiliary containers (defined to include bags made of cloth, paper, plastic, foamed plastic, polystyrene, and similar materials), passed its first Senate committee unanimously in November 2025 but died in appropriations. Florida is not listed among any state currently active or pending on comprehensive EPR packaging by any tracked source as of September 2026.","SB 240 (2026) filed October 17, 2025 by Senator Garcia; covered auxiliary containers broadly including plastic, paper, and foamed bags | SB 240 passed Senate Environment and Natural Resources Committee unanimously on November 18, 2025 | SB 240 died in Senate Appropriations Committee on Agriculture, Environment, and General Government on March 13, 2026 (end of session) | Companion preemption expansion bill SB 766/HB 629 also died in the 2026 session | Preemption-repeal bills (SB 836/HB 6023) died in 2025 session; Florida's existing ban-on-bans preemption for auxiliary containers remains in force | Florida not included in any state EPR packaging tracker as having pending, passed, or active legislation as of September 2026",Florida Senate – SB 240 (2026) Bill Page; Florida Senate – SB 240 Bill Text (Filed); Florida Senate – SB 240 Bill Analysis and Fiscal Impact Statement; Florida Senate – SB 836 (2025) Bill Page; Florida House – HB 6023 (2025) Bill Page; Sustainable Packaging Coalition – Packaging Policy Roundup (May 2026); Sustainable Packaging Coalition – Packaging Policy Roundup (August 2026); Proskauer – Seven States and Counting: The 2025 Guide to EPR Packaging Compliance; Holland & Knight – The Latest Pandora's Box: What You Need to Know Now About State EPR Laws (January 2026); Mayer Brown – EPR Packaging Laws Moving from Concept to Compliance (February 2026); Plastic Free Florida – 2026 Session Summary,https://www.flsenate.gov/Session/Bill/2026/240 ; https://www.flsenate.gov/Session/Bill/2026/240/BillText/Filed/HTML ; https://www.flsenate.gov/Session/Bill/2026/240/Analyses/2026s00240.pre.en.PDF ; https://www.flsenate.gov/Session/Bill/2025/836 ; https://www.flhouse.gov/Sections/Bills/billsdetail.aspx?BillId=81348 ; https://sustainablepackaging.org/2026/05/21/packaging-policy-news/ ; https://sustainablepackaging.org/2026/08/25/packaging-policy-news/ ; https://www.proskauer.com/alert/the-2025-guide-to-epr-packaging-compliance ; https://www.hklaw.com/en/insights/publications/2026/01/the-latest-pandoras-box-what-you-need-to-know-now-about-state-epr-laws ; https://www.mayerbrown.com/en/insights/publications/2026/02/epr-packaging-laws-moving-from-concept-to-compliance ; https://plasticfreefl.org/state/
,GA,Georgia,none,"Georgia HB 1237 (Pollution Prevention and Producer Responsibility Act of 2026) was introduced February 6, 2026, and died in committee during the 2025–2026 legislative session. No EPR packaging law has been enacted in Georgia.","HB 1237, introduced by Rep. Eric Bell, would have established a comprehensive EPR framework covering packaging, paper products, and beverage containers (including all packaging types relevant to bagging), operated through approved Producer Responsibility Organizations and overseen by a Producer Responsibility Advisory Board under the Georgia DNR. The bill was filed in the House Hopper but never advanced to committee review or a floor vote, and has since died in committee. Georgia has no enacted EPR packaging legislation.","February 6, 2026: HB 1237 (Pollution Prevention and Producer Responsibility Act of 2026) introduced in Georgia House by Rep. Eric Bell | February 10, 2026: Bill reached House Second Readers stage | 2026 legislative session end: HB 1237 died in committee — no further action taken","Proskauer Rose LLP – EPR Packaging Law Update (July 1, 2026); LegiScan – Georgia HB1237 (2025–2026 Regular Session); Georgia General Assembly – HB 1237 Official Bill Page; RegASK – Georgia HB 1237 EPR Analysis (February 13, 2026); News-Daily – Legislation Would Support Pollution Reduction Efforts (February 13, 2026)",https://www.proskauer.com/alert/extended-producer-responsibility-packaging-law-update ; https://legiscan.com/GA/bill/HB1237/2025 ; https://www.legis.ga.gov/legislation/66930 ; https://regask.com/georgia-house-bill-1237-proposes-extended-producer-responsibility-for-packaging-and-beverage-containers/ ; https://www.news-daily.com/news/legislation-would-support-pollution-reduction-efforts/article_2e5151e3-c9fb-490f-beed-a4be60264f18.html
,HI,Hawaii,passed,"Hawaii HB 750 (enacted as Act 103) signed into law May 27, 2025, requiring the Department of Health to conduct a statewide needs assessment for a potential EPR program covering packaging materials (including all packaging types) and paper products, with the assessment due to the legislature by December 31, 2027. A separate full EPR program bill, HB 1264, was introduced January 22, 2025, carried over to the 2026 session, and remains pending.","Act 103 (HB 750) is active law: the Hawaii Department of Health began needs assessment work in July 2025 and is establishing an advisory council; the study is funded at $1.5 million per year for FY2026 and FY2027. HB 1264, a broader bill that would establish a full EPR program with annual per-metric-ton fees on large packaging producers (covering all packaging types including bags and film), was carried over to the 2026 regular session and remains in committee with no passage. In March 2026, four non-binding resolutions were also introduced directing the DOH to study recyclable, biodegradable, and compostable product labeling, but these are resolutions only and do not create legal obligations.","HB 750 signed into law as Act 103 by Gov. Josh Green on May 27, 2025 | Hawaii DOH began needs assessment work July 1, 2025; advisory council being established | Needs assessment report due to legislature by December 31, 2027 | HB 1264 (full EPR program bill covering all packaging types) introduced January 22, 2025; carried over to 2026 session, still pending in committee | March 2026: four non-binding labeling study resolutions introduced in the Hawaii legislature",Proskauer Rose LLP – EPR Packaging Law Update (July 2026); Hawaii DOH – Act 103 EPR Needs Assessment (official state agency page); Sustainable Packaging Coalition – Packaging Policy Roundup (April 2026); O'Melveny – 2026 Plastics EPR & Packaging Rules Update (April 2026); Packaging Dive – Hawaii governor signs packaging EPR study bill (June 2025); Packaging Law – Hawaii to Assess Establishment of an EPR Program (2025); BillTrack50 – HI HB1264 status (carried over to 2026); Hawaii State Legislature – HB 1264 measure status; Packaging Strategies – Hawaii Governor Signs Bill Authorizing Packaging EPR Study (June 2025),https://www.proskauer.com/alert/extended-producer-responsibility-packaging-law-update ; https://health.hawaii.gov/shwb/solid-waste/planning/act-103-needs-assessment-for-an-extended-producer-responsibility-epr-study/ ; https://sustainablepackaging.org/2026/04/29/packaging-policy-news/ ; https://www.omm.com/insights/alerts-publications/2026-plastics-epr-packaging-rules-update-what-sb-54-sb-343-state-reporting-deadlines-prc-laws-the-eu-ppwr-mean-for-producers-retailers/ ; https://www.packagingdive.com/news/hawaii-recycling-needs-assessment-packaging-epr/749515/ ; https://www.packaginglaw.com/news/hawaii-assess-establishment-epr-program-reduce-packaging-and-paper-waste ; https://www.billtrack50.com/billdetail/1799582 ; https://www.capitol.hawaii.gov/session/measure_indiv.aspx?billtype=HB&billnumber=1264&year=2026 ; https://www.packagingstrategies.com/articles/105726-hawaii-governor-signs-bill-authorizing-packaging-epr-study
,IL,Illinois,pending,"Illinois has no enacted packaging EPR law. The active legislative track consists of: (1) Public Act 103-0383 (SB 1555, signed July 2023), which established the Statewide Recycling Needs Assessment Advisory Council and mandated a needs assessment covering all packaging and paper products; and (2) HB 4064 (104th General Assembly), the Extended Producer Responsibility and Recycling Refund Act, introduced May 21, 2025, referred to the House Rules Committee, and stalled pending completion of the needs assessment. Senate companion SB 1817 contains only a short-title placeholder with no substantive text.","The Illinois EPA delivered the draft Statewide Recycling Needs Assessment to the Advisory Council on June 30, 2026; the Advisory Council held review sessions through August 24, 2026, with a September 14, 2026 meeting scheduled, and is required to submit written comments to Illinois EPA within 60 days of receipt. Illinois EPA must finalize the needs assessment by November 1, 2026, and the Advisory Council must submit its findings and EPR policy recommendations to the General Assembly and Governor by December 1, 2026. HB 4064 remains in the Rules Committee with no floor action; no producer obligations or fees are in effect.","July 2023: SB 1555 signed as Public Act 103-0383, creating Statewide Recycling Needs Assessment Act and Advisory Council covering all packaging and paper products | May 21, 2025: HB 4064 (Extended Producer Responsibility and Recycling Refund Act) introduced in 104th General Assembly, referred to House Rules Committee | February 2025: Senate companion SB 1817 introduced as short-title-only placeholder; no substantive text added since | June 30, 2026: Illinois EPA delivered draft Statewide Recycling Needs Assessment (prepared by Eunomia) to the Advisory Council | August 2026: Advisory Council actively reviewing draft report; Aug 10 and Aug 24 meetings held, Sep 14 meeting scheduled | November 1, 2026: Statutory deadline for Illinois EPA to finalize the needs assessment | December 1, 2026: Statutory deadline for Advisory Council to submit EPR policy recommendations to General Assembly and Governor","Illinois EPA – Statewide Recycling Needs Assessment Advisory Council (official page); Illinois Compiled Statutes – 415 ILCS 180, Statewide Recycling Needs Assessment Act (Justia); Illinois General Assembly – ILGA.gov, Statewide Recycling Needs Assessment Act; LegiScan – Illinois HB4064, 104th General Assembly; Proskauer – Extended Producer Responsibility (EPR) Packaging Law Update (July 1, 2026); Mayer Brown – EPR Packaging Laws Moving from Concept to Compliance (Feb 2026); Beveridge & Diamond – EPR Packaging and Recycled Content Laws Continue to Trend; Illinois EPA – SRNAAC Advisory Council Aug 24 2026 Meeting Agenda; Illinois EPA – Advisory Council Memo to Eunomia, Aug 3 2026 (draft report comments); Illinois EPA – AC Orientation to Draft Report, July 1 2026",https://epa.illinois.gov/topics/waste-management/materials-management/srnaac.html ; https://law.justia.com/codes/illinois/chapter-415/act-415-ilcs-180/ ; https://www.ilga.gov/legislation/ilcs/ilcs3.asp?ActID=4437&ChapterID=36 ; https://legiscan.com/IL/bill/HB4064/2025 ; https://www.proskauer.com/alert/extended-producer-responsibility-packaging-law-update ; https://www.mayerbrown.com/en/insights/publications/2026/02/epr-packaging-laws-moving-from-concept-to-compliance ; https://www.bdlaw.com/publications/epr-packaging-and-recycled-content-laws-continue-to-trend-as-legislatures-consider-policies-to-address-packaging-waste-challenges/ ; https://epa.illinois.gov/content/dam/soi/en/web/epa/topics/waste-management/materials-management/documents/srnaac/082426-Meeting-Agenda.pdf ; https://epa.illinois.gov/content/dam/soi/en/web/epa/topics/waste-management/materials-management/documents/srnaac/MemoACcommentsforAug10meeting.pdf ; https://epa.illinois.gov/content/dam/soi/en/web/epa/topics/waste-management/materials-management/documents/srnaac/20260701IllinoisAdvisoryCouncilMeeting.pdf
,ME,Maine,passed,"Maine's packaging EPR law (LD 1541, 38 M.R.S. § 2146, enacted July 2021, amended by LD 1423 signed June 2025) is in force, but program implementation is stalled: the DEP's first Stewardship Organization RFP (RFP-202605094) closed August 18, 2026 with zero proposals submitted, and on September 11, 2026 the DEP announced it will revise and reissue the RFP.","Maine DEP published a Stewardship Organization RFP on June 15, 2026; the deadline passed August 18, 2026 with no bids — Circular Action Alliance declined to bid citing misalignment with the RFP's scope, data ownership structure, and its operating model. On September 11, 2026, DEP announced it is revising the RFP, and the department is reassessing all implementation timelines; producer registration, invoicing, and municipal reimbursements have no confirmed dates pending a new procurement.","July 2021 – LD 1541 enacted; first-in-nation packaging EPR law (38 M.R.S. § 2146) | December 5, 2024 – Maine Board of Environmental Protection adopted Chapter 428 implementing rules | June 20, 2025 – Governor Mills signed LD 1423, amending the law to clarify producer/exemption definitions and align with other U.S. EPR programs | February 19, 2026 – Chapter 428 amended by Board of Environmental Protection | March 2026 – Chapter 428 further amended to add Appendix A (Packaging Material Types List) | June 15, 2026 – DEP issued Stewardship Organization RFP-202605094 | August 18–20, 2026 – RFP deadline passed with zero proposals; DEP announced it is assessing all options | August 19, 2026 – Circular Action Alliance publicly declined to bid | September 11, 2026 – DEP announced it will revise the RFP; all producer compliance timelines under reassessment","Maine DEP – EPR for Packaging (official program page); Maine DEP – Packaging Stewardship Program Resources (announcements log); Maine DEP GovDelivery – June 15, 2026 RFP Announcement; National Law Review – Maine Packaging EPR Program Faces New Uncertainty After DEP Receives No Bids; Beveridge & Diamond (packaginglaw.com) – Maine Enacts Law to Modify Packaging EPR Requirements (LD 1423); Pierce Atwood – Maine and Massachusetts Push Forward EPR Efforts; Resource Recycling – No bidders respond to Maine's EPR RFP",https://www.maine.gov/dep/waste/recycle/epr.html ; https://www.maine.gov/dep/waste/recycle/epr-resources.html ; https://content.govdelivery.com/accounts/MEDEP/bulletins/41c13c3 ; https://natlawreview.com/article/maine-packaging-epr-program-faces-new-uncertainty-after-dep-receives-no-bids ; https://www.packaginglaw.com/news/maine-enacts-law-modify-packaging-epr-requirements ; https://www.pierceatwood.com/alerts/maine-and-massachusetts-push-forward-extended-producer-responsibility-efforts ; https://resource-recycling.com/policy-now/2026/08/20/no-bidders-respond-to-maines-epr-rfp/
,MD,Maryland,passed,"Maryland SB 901 (Packaging and Paper Products - Producer Responsibility Plans Act) was signed into law on May 13, 2025, and implementing regulations under COMAR 26.04.14 took effect May 25, 2026. The program is now in its active registration and pre-program phase.","SB 901 covers primary, secondary, and tertiary packaging — including bags, film, paper, and other shipping/service packaging — sold or supplied to consumers for personal, non-commercial use; pure B2B transport packaging is excluded by statutory definition. The first set of MDE implementing regulations became effective May 25, 2026, focusing on producer registration; MDE has indicated additional rulemakings on ecomodulation and performance goals will follow. Circular Action Alliance (CAA) is the only currently registered PRO and must submit its producer/brand/material list to MDE by July 1, 2026; producer fees will not activate until 2028–2029.","SB 901 passed Maryland General Assembly — April 7, 2025 | Governor Moore signed SB 901 into law — May 13, 2025 | MDE published proposed implementing regulations and guidance document — February 6, 2026 | MDE adopted final regulations (COMAR 26.04.14) — May 5, 2026; effective May 25, 2026 | CAA simplified supply report deadline for producers (2025 supply data) — May 31, 2026 | CAA registration filing deadline with MDE — July 1, 2026 | MDE to publish statewide list of recyclable/compostable covered materials — July 1, 2027 | PRO five-year Producer Responsibility Plan due to MDE — July 1, 2028 | Producer cost-share ramp: 50% by July 1, 2028; 75% by July 1, 2029; 90% by July 1, 2030","Holland & Knight — Maryland Finalizes First Set of EPR Regulations (May 27, 2026); Beveridge & Diamond — Maryland Becomes Sixth State to Enact Packaging EPR (updated March 19, 2026); Circular Action Alliance — Maryland Program Page; O'Melveny — 2026 Plastics EPR & Packaging Rules Update (April 30, 2026); MDE — Public Comments Response on COMAR 26.04.14 (July 1, 2026); MDE — Draft Guidance Document for EPR PPP 26.04.15 (February 2026)",https://www.hklaw.com/en/insights/publications/2026/05/maryland-finalizes-first-set-of-epr-regulations ; https://www.bdlaw.com/publications/maryland-becomes-sixth-state-to-enact-packaging-extended-producer-responsibility-washington-expected-to-follow/ ; https://circularactionalliance.org/circular-action-alliance-maryland ; https://www.omm.com/insights/alerts-publications/2026-plastics-epr-packaging-rules-update-what-sb-54-sb-343-state-reporting-deadlines-prc-laws-the-eu-ppwr-mean-for-producers-retailers/ ; https://mde.maryland.gov/programs/land/WasteManagement/Documents/Comments_MD%20SB%20901%20Advisory%20Council%20Feedback.pdf ; https://mde.maryland.gov/programs/regulations/land/Documents/Proposed_Guidance%20Document%20for%20EPR%20PPP%2026.04.15_v0_FEB2026.pdf
,MA,Massachusetts,pending,"No comprehensive EPR packaging law has been enacted in Massachusetts. S.3064 (Mass Ready Act, amended reprint of S.3050) — which includes a single-use plastic bag ban and paint EPR but not full packaging EPR — passed the Senate 36-3 on April 15, 2026, and the House in a different version; the two chambers are currently in conference committee. Standalone packaging EPR bill S.571 remains pending in Senate Ways and Means. The EPR Commission's final report (issued January 15, 2026) recommended a needs assessment for plastics and packaging but did not endorse any specific EPR packaging bill.","As of September 2026, Massachusetts has not enacted comprehensive EPR for packaging. The Mass Ready Act (S.3064) — which contains paint EPR, a single-use plastic bag ban, and other plastics restrictions but omits full packaging EPR — is in conference committee after the House and Senate passed differing versions; the current two-year legislative session ends July 31, 2026, with informal session continuing afterward. S.571, the standalone full EPR packaging bill, remains in Senate Ways and Means without a floor vote.","December 2024: Gov. Healey signed Chapter 239 of the Acts of 2024, establishing the EPR Commission (chaired by MassDEP) to study packaging, paint, mattresses, batteries, and electronics | January 15, 2026: EPR Commission submitted final report recommending a needs assessment for plastics/packaging EPR; did not endorse S.571 or H.926 | April 15, 2026: Massachusetts Senate passed Mass Ready Act (S.3050, reprinted as S.3064) 36-3, including paint EPR and single-use plastic bag ban but no comprehensive packaging EPR | June–July 2026: House passed its own version of the Mass Ready Act (H.5518), omitting the plastic bag ban; House and Senate versions sent to conference committee (appointed July 1, 2026) | September 2026: S.3064 remains in conference committee; S.571 remains pending in Senate Ways and Means; no comprehensive packaging EPR law enacted","Proskauer Rose – EPR Packaging Law Update (July 1, 2026); Massachusetts Legislature Press Room – Senate Passes Mass Ready Act (April 15, 2026); Mass.gov – EPR Commission; Mass.gov – Mass Ready Act; Waste Dive – Massachusetts EPR Commission endorses needs assessment, punts on packaging (Dec. 11, 2025); Packaging Dive – Massachusetts Senate passes bill addressing bags, foam, foodservice packaging (April 16, 2026); Boston Globe – Mass Ready Act: plastic bag ban omitted from House version (June 16, 2026); FastDemocracy – S.3064 bill tracking; Hunton – EPR for Packaging Mid-Year Update (Sept. 22, 2025); Mass.gov – EPR Commission Draft Final Report (Dec. 2025); Sustainable Packaging Coalition – Packaging Policy Roundup (June 22, 2026)",https://www.proskauer.com/alert/extended-producer-responsibility-packaging-law-update ; https://malegislature.gov/PressRoom/Detail?pressReleaseId=364 ; https://www.mass.gov/info-details/extended-producer-responsibility-commission ; https://www.mass.gov/info-details/mass-ready-act ; https://www.wastedive.com/news/massachusetts-epr-commission-packaging-needs-assessment/807492/ ; https://www.packagingdive.com/news/massachusetts-environmental-bill-epr-plastic-reduction-waste/817713/ ; https://www.bostonglobe.com/2026/06/16/science/mass-ready-act-house-plastic-bags/ ; https://fastdemocracy.com/bill-search/ma/194th/bills/MAB00084650/ ; https://www.hunton.com/the-nickel-report/extended-producer-responsibility-for-packaging-mid-year-update ; https://www.mass.gov/doc/draft-commission-final-report/download ; https://sustainablepackaging.org/2026/06/22/packaging-policy-news/
,MI,Michigan,pending,"Michigan HB 5902 (2024), a comprehensive Packaging Reduction and Recycling Program bill, was introduced in July 2024 but did not advance before the 102nd Legislature adjourned in December 2024. No equivalent bill has been introduced in the current 103rd Legislature (2025–2026 session). Michigan is not among the states that enacted EPR packaging legislation.","HB 5902 was introduced by Rep. Abraham Aiyash (D) in July 2024 and referred to the House Committee on Natural Resources, Environment, Tourism and Outdoor Recreation, but it did not advance. As of March 2026, it is confirmed as introduced but not advanced. No new Michigan packaging EPR bill has been identified in the 2025–2026 legislative session, and Michigan does not appear in the 2026 EPR packaging bill lists published by EY or the Sustainable Packaging Coalition.","July 31, 2024: HB 5902 introduced by Rep. Abraham Aiyash (D); referred to House Committee on Natural Resources, Environment, Tourism and Outdoor Recreation | December 2024: 102nd Michigan Legislature adjourned; HB 5902 expired without advancing out of committee | 2025–2026 (103rd Legislature): No new Michigan packaging EPR bill identified as introduced",Michigan Legislature – HB 5902 of 2024 (official bill page); CSG Midwest – EPR for Packaging in the Midwest (March 2026); Proskauer – 2025 Guide to EPR Packaging Compliance; EY – US Packaging EPR in 2026: Costs and Compliance; Sustainable Packaging Coalition – Packaging Policy News (July 2025); Hunton – EPR for Packaging Mid-Year Update (September 2025),https://www.legislature.mi.gov/Bills/Bill?ObjectName=2024-HB-5902 ; https://csgmidwest.org/2026/03/11/most-states-have-some-type-of-extended-producer-responsibility-statute-minnesota-is-implementing-one-new-to-the-midwest-epr-for-packaging/ ; https://www.proskauer.com/alert/the-2025-guide-to-epr-packaging-compliance ; https://www.ey.com/en_us/insights/sustainability/us-packaging-epr-in-2026-costs-and-compliance ; https://sustainablepackaging.org/2025/07/22/packaging-policy-news/ ; https://www.hunton.com/the-nickel-report/extended-producer-responsibility-for-packaging-mid-year-update
,MN,Minnesota,passed,"Minnesota Packaging Waste and Cost Reduction Act (HF 3911, codified at Minn. Stat. §§ 115A.144–115A.1463), signed into law May 21, 2024. Active and in implementation. No new bill introduced, amended, or repealed in the past 30 days. The law has not been renumbered or reintroduced.","The law is fully enacted and in active implementation. As of May 15, 2026, the MPCA issued a formal notice of intent to develop administrative rules to clarify definitions, exemptions, collection lists, statewide requirements, and stewardship plan obligations under the Act. The Needs Assessment — due December 31, 2026 — entered a public comment period beginning in September 2026, following presentation of a draft report to the Packaging EPR Advisory Board in August 2026. Nine Advisory Board seats are open for terms beginning January 1, 2027, with an application deadline of September 15, 2026.","May 21, 2024: Governor Walz signed the Packaging Waste and Cost Reduction Act into law | February 18, 2025: MPCA confirmed Circular Action Alliance (CAA) as Minnesota's registered PRO | July 1, 2025: Producer registration with CAA deadline passed | February 2026: MPCA preliminary assessment completed and published | May 15, 2026: MPCA issued notice of intent to develop implementing rules (rulemaking initiated) | August 2026: Draft Needs Assessment presented to Packaging EPR Advisory Board | September–November 2026: Public comment period on draft Needs Assessment (ongoing as of today) | September 15, 2026: Application deadline for nine Advisory Board seats (terms starting Jan. 1, 2027) | December 31, 2026: Full Needs Assessment due","Minnesota Pollution Control Agency – EPR for Packaging (official program page); Minnesota Pollution Control Agency – Rulemaking: Packaging Waste and Cost Reduction Act; Minnesota Pollution Control Agency – Assessments; Minnesota Pollution Control Agency – Packaging EPR Advisory Board; Fredrikson & Byron – MPCA Intends to Develop Rules to Implement EPR Law (May 2026); Fredrikson & Byron – Minnesota Enacts EPR Law: Key Compliance Deadlines Begin July 1, 2025; Beveridge & Diamond – Minnesota Becomes Fifth State to Enact EPR Law for Packaging and Paper; Circular Action Alliance – Minnesota Program Page; Circular Action Alliance – CAA Confirmed as PRO for Minnesota",https://www.pca.state.mn.us/air-water-land-climate/extended-producer-responsibility-for-packaging ; https://www.pca.state.mn.us/get-engaged/packaging-waste-and-cost-reduction-act ; https://www.pca.state.mn.us/air-water-land-climate/assessments ; https://www.pca.state.mn.us/air-water-land-climate/packaging-extended-producer-responsibility-advisory-board ; https://www.fredlaw.com/alert-mpca-intends-to-develop-rules-to-implement-extended-producer-responsibility-law ; https://www.fredlaw.com/alert-minnesota-enacts-extended-producer-responsibility-epr-law-key-compliance-deadlines-begin-july-1-2025 ; https://www.bdlaw.com/publications/minnesota-becomes-fifth-state-to-enact-epr-law-for-packaging-and-paper-first-to-enact-epr-law-for-boat-wrap/ ; https://circularactionalliance.org/circular-action-alliance-minnesota ; https://circularactionalliance.org/news-feed/circular-action-alliance-confirmed-as-the-producer-responsibility-organization-for-minnesota
,MO,Missouri,pending,"Missouri HB 3504 (2026), the 'Producer Responsibility Program for Statewide Recycling Act,' was introduced February 26, 2026 and referred to the House Emerging Issues Committee on May 15, 2026; it did not advance further and the 2026 session has adjourned.","HB 3504 would require producers of packaging and paper products — including all packaging types such as bags and film — to join or form a nonprofit Producer Responsibility Organization (PRO) to fund and manage a statewide recycling system. The bill was referred to the House Emerging Issues Committee on May 15, 2026, the final day of the legislative session, and remained in early committee stage with no further action. No law was passed; the bill is effectively dormant unless reintroduced in a future session.","February 26, 2026: HB 3504 introduced in Missouri House as a partisan Democrat bill | May 15, 2026: Referred to House Emerging Issues Committee — last recorded action; session adjourned same day with no further progress","LegiScan – Missouri HB3504 (2026 Regular Session); Missouri House of Representatives – HB3504 Bill Page; Proskauer – The 2025 Guide to EPR Packaging Compliance; EY – US Packaging EPR in 2026: Costs and Compliance; Sustainable Packaging Coalition – EPR Guide to All Policies (Missouri HB 3504 entry); FEDA – Missouri, Rhode Island Weigh EPR Laws Targeting Packaging",https://legiscan.com/MO/bill/HB3504/2026 ; https://house.mo.gov/Bill.aspx?bill=HB3504&code=R&year=2026 ; https://www.proskauer.com/alert/the-2025-guide-to-epr-packaging-compliance ; https://www.ey.com/en_us/insights/sustainability/us-packaging-epr-in-2026-costs-and-compliance ; https://epr.sustainablepackaging.org/policies ; https://www.feda.com/news/missouri-rhode-island-weigh-epr-laws-targeting-packaging
,NE,Nebraska,none,"Nebraska LB 607 (EPR Data Collection Act, Minimum Recycled Content Act, and related provisions) was introduced in January 2025, reintroduced January 7, 2026, and indefinitely postponed on April 17, 2026. No Nebraska packaging EPR law has passed.","LB 607 was a broad omnibus bill covering EPR data collection for packaging (requiring producer registration and annual reporting on covered materials), minimum recycled content mandates, battery stewardship, and solid waste provisions. After the last substantive legislative action in February 2025 and a reintroduction in January 2026, the bill was indefinitely postponed on April 17, 2026, ending its progress in the current legislative session. Nebraska has no enacted packaging EPR law.","January 22, 2025: LB 607 introduced in the Nebraska Legislature | February 2025: Last substantive committee discussion in the 2025 session | January 7, 2026: LB 607 reintroduced in the 2026 legislative session | April 17, 2026: LB 607 indefinitely postponed — bill failed","Proskauer Rose LLP – EPR Packaging Law Update (July 2026); LegiScan – Nebraska LB607, 109th Legislature; Sustainable Packaging Coalition – Packaging Policy Roundup (July 2025); National Law Review / Bergeson & Campbell – Snapshot of EPR in 2025; Nebraska Legislature – LB 607 Fiscal Note (Official)",https://www.proskauer.com/alert/extended-producer-responsibility-packaging-law-update ; https://legiscan.com/NE/bill/LB607/2025 ; https://sustainablepackaging.org/2025/07/22/packaging-policy-news/ ; https://www.lawbc.com/a-snapshot-of-extended-producer-responsibility-in-2025/ ; https://nebraskalegislature.gov/FloorDocs/109/PDF/FN/LB607_20250226-115352.pdf
,NH,New Hampshire,none,"New Hampshire HB 1789-FN (2026 Regular Session), an EPR packaging bill covering all packaging types including plastic, paper, and other materials, was introduced January 7, 2026, and voted 'Inexpedient to Legislate' by the House on February 19, 2026. The 2026 legislative session has closed with no EPR packaging law enacted.","HB 1789-FN would have established a packaging reduction program requiring producers to pay fees based on quantity and type of packaging—covering paper, plastic, glass, metal, and multi-material formats—managed through a Packaging Reduction Organization. The House adopted the 'Inexpedient to Legislate' motion by voice vote on February 19, 2026, formally killing the bill for this session. This follows the same outcome as New Hampshire's prior EPR packaging bill (HB 1630), which was similarly defeated in February 2024; no EPR packaging law is in force in New Hampshire.","HB 1630 (2024 session): introduced, voted Inexpedient to Legislate by House on February 22, 2024 | HB 1789-FN introduced to New Hampshire House of Representatives on January 7, 2026 | HB 1789-FN voted Inexpedient to Legislate by House voice vote on February 19, 2026 | 2026 NH legislative session closed with no EPR packaging law enacted",Proskauer Rose LLP – EPR Packaging Law Update (July 2026); Ropes & Gray – Ten Recent US Packaging EPR Developments (June 2026); Holland & Knight – The Latest Pandora's Box: State EPR Laws (January 2026); Sustainable Packaging Coalition – EPR Guide: New Hampshire HB 1789; Sustainable Packaging Coalition – Packaging Policy Roundup (May 2026); LegiScan – NH HB1789 2026 Regular Session; NH Recycles – Policy & Legislation 2026 Session,https://www.proskauer.com/alert/extended-producer-responsibility-packaging-law-update ; https://www.ropesgray.com/en/insights/viewpoints/102mk4f/ten-recent-us-packaging-epr-developments-for-legal-and-compliance-professionals ; https://www.hklaw.com/en/insights/publications/2026/01/the-latest-pandoras-box-what-you-need-to-know-now-about-state-epr-laws ; https://epr.sustainablepackaging.org/policies ; https://sustainablepackaging.org/2026/05/21/packaging-policy-news/ ; https://legiscan.com/NH/text/HB1789/id/3291777 ; https://www.nhrecycles.org/policy-legislation
,NJ,New Jersey,pending,"No EPR packaging law has been enacted in New Jersey. Three active bills are pending in the 2026-2027 legislative session: S673 / A3744 (Packaging and Paper Product Stewardship Act, the primary comprehensive EPR bill) and S614 (a narrower packaging stewardship bill). The prior-session bills S3398 and A5009 expired at the end of the 2024-2025 session on January 13, 2026, and were re-filed under new numbers.","S673 and its Assembly companion A3744 — the 'Packaging and Paper Product Stewardship Act' — were re-filed on January 13, 2026 in the new 2026-2027 session and are currently referred to their respective environment committees; S614, a separate stewardship-plan-focused bill, was also introduced by Sen. Bob Smith at session start. New Jersey's two-year legislative session runs through 2027, making these bills eligible to carry over without re-introduction, and New Jersey is one of only two states (along with Virginia) whose EPR packaging bills are structured to carry over from 2026 into 2027. No floor votes have been scheduled and no passage has occurred.","2022: NJ enacts recycled-content law covering rigid plastics, glass, and paper bags (no full EPR program) | Jan 2024: S208 / A2094 introduced as packaging stewardship bills; died in committee | Jun 2024: S3398 introduced as 'Packaging Product Stewardship Act' (comprehensive EPR); A5009 introduced as Assembly companion | Feb 10, 2025: S3398 advanced out of Senate Environment and Energy Committee, then referred to Senate Budget and Appropriations Committee | May 8, 2025: A5009 reported out of Assembly Environment committee as a substitute and referred to Assembly Science, Innovation and Technology Committee | Jan 13, 2026: 2024-2025 session expired; S3398 and A5009 died. S673, A3744, and S614 re-filed for 2026-2027 session on same date | Current (Sep 2026): S673 pending in Senate Environment and Energy Committee; A3744 pending in Assembly Environment and Solid Waste Committee; S614 pending in Senate; no floor votes scheduled",Proskauer Rose – EPR Packaging Law Update (July 2026); Holland & Knight – State EPR Laws Alert (Jan 2026); Sustainable Packaging Coalition – Packaging Policy Roundup (Jun 2026); Sustainable Packaging Coalition – Packaging Policy Roundup (May 2026); NJ Legislature – S673 Bill Text (official); NJ Legislature – A3744 Bill Text (official); NJ Legislature – Legislative Digest (S614 entry); LegiScan – NJ S673 (2026-2027 Session); LegiScan – NJ A3744 (2026-2027 Session); NJ Senate Democrats – S3398 Committee Advance (Feb 2025); New Jersey Monitor – Senate Panel Approves Packaging Waste Bill (Feb 2025); Packaging Dive – EPR Retains Packaging Policy Spotlight in 2026 (Jan 2026); SPC EPR Guide – All Policies (NJ S614 entry); ICSC – States Continue to Push EPR Packaging Programs,https://www.proskauer.com/alert/extended-producer-responsibility-packaging-law-update ; https://www.hklaw.com/en/insights/publications/2026/01/the-latest-pandoras-box-what-you-need-to-know-now-about-state-epr-laws ; https://sustainablepackaging.org/2026/06/22/packaging-policy-news/ ; https://sustainablepackaging.org/2026/05/21/packaging-policy-news/ ; https://pub.njleg.gov/Bills/2026/S1000/673_I1.HTM ; https://pub.njleg.gov/Bills/2026/A4000/3744_I1.HTM ; https://pub.njleg.state.nj.us/publications/legislative-digest/011326.htm ; https://legiscan.com/NJ/bill/S673/2026 ; https://legiscan.com/NJ/bill/A3744/2026 ; https://www.njsendems.org/CivicAlerts.aspx?AID=609 ; https://newjerseymonitor.com/2025/02/10/senate-panel-approves-bill-to-reduce-packaging-waste/ ; https://www.packagingdive.com/news/packaging-policy-regulation-2026-extended-producer-responsibility-labeling/810561/ ; https://epr.sustainablepackaging.org/policies ; https://www.icsc.com/news-and-views/icsc-exchange/states-continue-to-push-epr-packaging-programs
,NY,New York,pending,"New York Packaging Reduction and Recycling Infrastructure Act (PRRIA), SB 1464A / A1749A — failed to pass in the 2026 legislative session; bill remains pending with no enacted law.","The 2026 New York legislative session adjourned on or around June 5–6, 2026 without the Assembly voting on SB 1464A / A1749A, marking the third consecutive year the bill cleared the Senate but stalled in the Assembly. In April–May 2026, sponsors Sen. Pete Harckham and Assemblymember Deborah Glick introduced nearly 150 amendments to the bill to align it more closely with EPR frameworks in Minnesota and California, but Assembly Speaker Carl Heastie stated the bill lacked sufficient votes to pass. The bill covers all packaging materials — including plastic, paper, glass, cardboard, and metal — and would apply to producers with more than $5 million in annual net revenue responsible for more than two tons of annual packaging waste.","January 2025: SB 1464 / A1749 reintroduced in the 2025-2026 legislative session | 2024 & 2025: Prior versions of the bill passed the NY Senate both years but failed in the Assembly each time | April 29, 2026: Sponsors announced ~150 amendments (bill renumbered SB 1464A / A1749A) to harmonize with Minnesota and California EPR frameworks | Late May 2026: Assembly Speaker Heastie stated the bill lacked enough votes to pass before the June 10 adjournment deadline | June 5–6, 2026: NY legislature adjourned; SB 1464A / A1749A failed to advance for the third consecutive session",Packaging Dive – New York packaging EPR bill won't move forward in 2026; NY Senate – Harckham & Glick Introduce Amendments to Packaging Reduction Bill (official press release); NY Senate – Bill S1464A full text (official legislature site); Resource Recycling – New York packaging EPR bill faces June 10 deadline; Resource Recycling – New York packaging EPR bill gets nearly 150 amendments; Recycling Today – NY EPR bill undergoes sweeping amendments; Sustainable Packaging Coalition – Packaging Policy Roundup (May 2026); Flexographic Technical Association – Controversial NY Packaging EPR Bills Fail Again; News10 (NEXTAR Albany) – NY 2026 legislature session wrap-up,https://www.packagingdive.com/news/new-york-epr-packaging-2026-fails-bottle-bill-dsny/822145/ ; https://www.nysenate.gov/newsroom/press-releases/2026/pete-harckham/harckham-glick-introduce-amendments-packaging-reduction ; https://www.nysenate.gov/legislation/bills/2025/S1464/amendment/A ; https://resource-recycling.com/recycling/2026/05/26/new-york-packaging-epr-bill-faces-june-10-deadline/ ; https://resource-recycling.com/recycling/2026/05/01/new-york-packaging-epr-bill-gets-nearly-150-amendments/ ; https://www.recyclingtoday.com/news/new-york-packaging-epr-bill-undergoes-sweeping-amendments/ ; https://sustainablepackaging.org/2026/05/21/packaging-policy-news/ ; https://www.flexography.org/industry-news/controversial-new-york-packaging-epr-bills-fail-again/ ; https://www.news10.com/capitol/data-center-pricing-bills-2026-legislature/
,NC,North Carolina,pending,"North Carolina HB 882, 'Break Free From Plastic & Forever Chemicals,' introduced April 9, 2025, is pending in the House Rules, Calendar, and Operations Committee with no further action taken.","HB 882 would establish an EPR program for packaging materials requiring producers to join a Producer Responsibility Organization and meet recycling and labeling requirements, ban toxic substances (including PFAS, phthalates, lead, and mercury) from packaging, and prohibit intentionally added PFAS in food containers. The bill was referred to the House Rules Committee on April 10, 2025, and has stalled there. An earlier version of the bill died in the same committee in 2023.","April 9, 2025: HB 882 introduced by Reps. Harrison, Butler, Price, and Greenfield | April 10, 2025: Referred to House Rules, Calendar, and Operations of the House Committee — no further action as of September 2026",NC General Assembly – HB 882 Bill Lookup (Official); NC General Assembly – HB 882 Bill Text (PDF); LegiScan – NC H882 2025-2026 Session; Proskauer Rose – EPR Packaging Law Update (July 2026); Mayer Brown – EPR Packaging Laws Moving from Concept to Compliance (Feb 2026); UNC Legislative Reporting Service – HB 882 Bill Summary; North Carolina Health News – Push to Hold Plastics Producers Accountable (June 2026); Compliance & Risks – Packaging EPR Expansion New Developments (May 2025),https://www.ncleg.gov/BillLookUp/2025/H882 ; https://www.ncleg.gov/Sessions/2025/Bills/House/PDF/H882v1.pdf ; https://legiscan.com/NC/bill/H882/2025 ; https://www.proskauer.com/alert/extended-producer-responsibility-packaging-law-update ; https://www.mayerbrown.com/en/insights/publications/2026/02/epr-packaging-laws-moving-from-concept-to-compliance ; https://lrs.sog.unc.edu/billsum/h-882-2025-2026 ; https://www.northcarolinahealthnews.org/2026/06/23/hold-plastics-producers-accountable-in-north-carolina/ ; https://www.complianceandrisks.com/blog/packaging-epr-expansion-new-developments-across-the-u-s/
,OR,Oregon,passed,"Oregon Plastic Pollution and Recycling Modernization Act (SB 582, 2021) is fully in effect. A federal constitutional challenge was defeated at trial on August 27, 2026, and full enforcement against all covered producers — including producers of all covered packaging materials — resumed immediately.","On August 27, 2026, the U.S. District Court for the District of Oregon upheld the RMA in full after a five-day bench trial, rejecting dormant Commerce Clause and Due Process challenges brought by the National Association of Wholesaler-Distributors (NAW v. Feldon), dissolving the February 2026 preliminary injunction that had shielded NAW members. A related class action (Lollicup USA v. Feldon, filed June 25, 2026) was stayed pending the NAW outcome, with a joint status report due September 10, 2026; that case may be dismissed in light of the ruling. DEQ's third RMA rulemaking (September 2025–early 2027) is ongoing and includes consideration of additional covered-product exemptions and covered material category changes; final proposed rules are expected before the Oregon Environmental Quality Commission in early 2027.","SB 582 signed into law August 6, 2021; effective January 1, 2022 | Program went live July 1, 2025 — Oregon became first U.S. state to collect producer fees under a packaging EPR program | DEQ approved CAA's Program Plan February 21, 2025 | DEQ approved Program Plan amendment (Bonus C / reusable packaging incentives) September 2025 | February 6, 2026: District court issued narrow preliminary injunction shielding NAW members only; all other producers remained obligated | May 4, 2026: DEQ approved second Program Plan amendment on Responsible End Markets verification | June 25, 2026: Lollicup USA filed class-action challenging RMA on behalf of non-NAW producers | July 13–17, 2026: Five-day bench trial in NAW v. Feldon | August 27, 2026: Court upheld RMA in full; preliminary injunction dissolved; full DEQ enforcement restored | NAW considering appeal to Ninth Circuit (deadline end of September 2026); Lollicup status report due September 10, 2026 | Third rulemaking active; DEQ proposing additional covered-product exemptions and material category changes; final rules targeted for early 2027",Holland & Knight — Federal Court Upholds Oregon's EPR Law in Full After Constitutional Challenge (Aug 2026); Beveridge & Diamond — Federal Court Upholds Oregon Packaging EPR Law (Aug 2026); Faegre Drinker — Federal Court Upholds Oregon's EPR Law Against Constitutional Challenge (Aug 2026); Davis Wright Tremaine — Federal Court Upholds Oregon Recycling Modernization Act (Sep 2026); Proskauer — 2025 Guide to EPR Packaging Compliance (Oct 2025); Oregon DEQ — Plastic Pollution and Recycling Modernization Act (official); Oregon DEQ — RMA Producer Exemptions / Third Rulemaking (official); Oregon DEQ — Recycling Modernization Act 2026 Rulemaking (official); Circular Action Alliance — Oregon Program Page; Sustainable Packaging Coalition — EPR Bill SB 582 (2021); Sustainable Packaging Coalition — Packaging Policy News (Jul 2026); National Law Review — Oregon EPR Law Upheld in Bellwether Case; Mondaq (Greenberg Glusker) — Lollicup Stay / Joint Status Report (Jul 2026),https://www.hklaw.com/en/insights/publications/2026/08/federal-court-upholds-oregons-epr-law-in-full-after-constitutional ; https://www.bdlaw.com/publications/federal-court-upholds-oregon-packaging-epr-law-providing-important-early-roadmap-for-epr-challenges/ ; https://www.faegredrinker.com/en/insights/publications/2026/8/federal-court-upholds-oregon-extended-producer-responsibility-law-against-constitutional-challenge ; https://www.dwt.com/blogs/energy--environmental-law-blog/2026/09/oregon-recycling-modernization-act-upheld ; https://www.proskauer.com/alert/the-2025-guide-to-epr-packaging-compliance ; https://www.oregon.gov/deq/recycling/pages/modernizing-oregons-recycling-system.aspx ; https://www.oregon.gov/deq/recycling/pages/rma-exemptions.aspx ; https://www.oregon.gov/deq/rulemaking/pages/rma2026.aspx ; https://circularactionalliance.org/oregon ; https://epr.sustainablepackaging.org/policies/SB582 ; https://sustainablepackaging.org/2026/07/29/packaging-policy-news/ ; https://natlawreview.com/article/oregons-packaging-epr-law-constitutional ; https://www.mondaq.com/unitedstates/environmental-law/1821288/a-reprieve-from-packaging-epr-enforcement-in-oregon-for-now-parties-stipulate-to-a-pause-in-lollicup
,TN,Tennessee,pending,"Tennessee SB0269 / HB0600, the Tennessee Waste to Jobs Act — a packaging EPR bill requiring producers to join a Producer Responsibility Organization — was sidelined in the Senate Energy, Agriculture and Natural Resources Committee in March 2026 and did not advance during the 2026 legislative session. No law has passed. Sponsors have committed to returning in 2027.","SB0269 was introduced January 23, 2025, amended in early 2026 to add small-business (under $10M revenue) and small-county (under 200,000 residents) opt-outs, passed the Senate Government Operations Committee 8-1 on March 11, 2026, but was then assigned to the General Subcommittee of the Senate Energy, Agriculture and Natural Resources Committee, where Republican co-sponsor Sen. Steve Southerland announced he would not advance it that session. The companion House bill HB0600 was also taken off notice in subcommittee on March 18, 2026. The bill's coalition and committee chair Sen. Shane Reeves indicated work will continue through summer 2026 toward a 2027 reintroduction.","Original bill first introduced by Sen. Heidi Campbell in 2024; failed to pass before end of session | Reintroduced as SB0269 / HB0600 on January 23, 2025 (114th General Assembly) | Bill amended in early 2026 to add small-business and small-county opt-out provisions and gained Republican co-sponsors (Sen. Southerland, Rep. Hale) | Senate Government Operations Committee passed bill 8-1 on March 11, 2026 | Assigned to General Subcommittee of Senate Energy, Agriculture and Natural Resources Committee; Republican co-sponsor announced bill would not advance in 2026 session | HB0600 taken off notice in House Agriculture and Natural Resources subcommittee on March 18, 2026 | Sponsors vowed 2027 return with broader public campaign; committee chair pledged continued off-session work","LegiScan – TN SB0269 (114th General Assembly); Tennessee General Assembly – SB0269 Fiscal Note (capitol.tn.gov); Waste Dive – Tennessee packaging EPR bill sidelined for 2026; Packaging Dive – Tennessee packaging EPR bill sidelined for 2026; Waste Dive – Tennessee packaging EPR bill revamped with small business, county exemptions; Packaging Dive – Tennessee packaging EPR bill revamped with small business, county exemptions; Tennessee Lookout – With landfills filling up, Tennessee legislature once again looks at recycling bills; Bass, Berry & Sims – 2026 Legislative Recap, 114th Tennessee General Assembly Second Session; Tennessee Chamber of Commerce & Industry – Understanding the Economic and Regulatory Concerns Surrounding SB0269; Resource Recycling – Tennessee's packaging EPR bill re-introduced",https://legiscan.com/TN/bill/SB0269/2025 ; https://www.capitol.tn.gov/Bills/114/Fiscal/SB0269.pdf ; https://www.wastedive.com/news/tennessee-waste-to-jobs-packaging-epr-sidelined-2026/814570/ ; https://www.packagingdive.com/news/tennessee-waste-to-jobs-packaging-epr-sidelined-2026/814510/ ; https://www.wastedive.com/news/tennessee-extended-producer-responsibility-packaging-landfill/811813/ ; https://www.packagingdive.com/news/tennessee-packaging-epr-waste-to-jobs-campbell/811847/ ; https://tennesseelookout.com/2026/01/26/with-landfills-filling-up-tennessee-legislature-once-again-looks-at-recycling-bills/ ; https://bassberry.com/news/2026-legislative-recap-114th-tennessee-general-assembly-second-session/ ; https://tnchamber.org/understanding-the-economic-and-regulatory-concerns-surrounding-sb0269/ ; https://resource-recycling.com/recycling/2025/01/07/tennessees-packaging-epr-bill-re-introduced/
,VT,Vermont,none,"Vermont S.139 (2025), a packaging EPR needs-assessment bill, was introduced April 2, 2025, referred to the Senate Committee on Natural Resources and Energy, and did not advance out of committee. No packaging EPR law has been enacted in Vermont.","S.139 would have required the Vermont Agency of Natural Resources to complete a needs assessment on packaging management — covering reuse, recyclability, safety, toxicity, and quantity — and report findings to the legislature by January 15, 2027, with a $250,000 appropriation. The bill stalled in committee and did not pass. As of mid-2026, Vermont has no enacted comprehensive packaging EPR law and is categorized by the Sustainable Packaging Coalition as a state that 'could see a bill go all the way in 2027 or 2028.'","April 2, 2025: S.139 introduced and referred to Senate Committee on Natural Resources and Energy | April 30, 2025: Senate committee heard testimony on S.139 packaging needs assessment; no vote taken | 2025 session end: S.139 did not advance out of committee — confirmed by Proskauer (July 2026) | June 2026: SPC flags Vermont as a possible future EPR state (2027–2028 horizon)",Vermont Legislature – S.139 Bill Status; Vermont Legislature – S.139 As Introduced (PDF); Proskauer – EPR Packaging Law Update (July 2026); Sustainable Packaging Coalition – EPR Policy Roundup (June 2026); Vermont DEC – Product Stewardship,"https://legislature.vermont.gov/bill/status/2026/S.139 ; https://legislature.vermont.gov/Documents/2026/Workgroups/Senate%20Natural%20Resources/Bills/S.139/Drafts,%20Amendments,%20Legal%20Documents/S.139~Michael%20O'Grady~As%20Introduced~4-30-2025.pdf ; https://www.proskauer.com/alert/extended-producer-responsibility-packaging-law-update ; https://sustainablepackaging.org/2026/06/22/packaging-policy-news/ ; https://dec.vermont.gov/waste-management/solid/product-stewardship"
,VA,Virginia,pending,"Virginia has at least one EPR packaging bill that remained active as of the 2026 legislative session and is among a small group of states whose bill(s) carry over into 2027 without needing full reintroduction. No EPR packaging law has been enacted. Governor Spanberger vetoed a separate producer stewardship bill (HB 86, mattress stewardship) in 2026, signaling scrutiny of producer-responsibility fee structures. The specific bill number(s) for the carryover packaging EPR legislation could not be confirmed from available sources.","Virginia is one of only two states — along with New Jersey — whose packaging EPR bill(s) carry over from the 2026 legislative session into 2027, meaning they do not require full reintroduction. No EPR packaging law has passed in Virginia. The 2026 General Assembly session produced significant environmental legislation overall, but packaging EPR did not advance to enactment, and the Governor's veto of a mattress stewardship bill on consumer-cost grounds underscores the political headwinds facing producer-responsibility legislation in the state.","Virginia packaging EPR bill(s) active in 2026 session — confirmed to carry over to 2027 (SPC, June–July 2026) | Governor Spanberger vetoed HB 86 (Mattress Stewardship Program) in 2026, citing consumer cost concerns — signals executive resistance to EPR-style fee structures | Virginia's 2026 session adjourned sine die; no packaging EPR law enacted | Multiple industry and law-firm sources (Holland & Knight Jan. 2026; Adams & Reese Mar. 2026) list Virginia among states with pending or expected-to-be-reintroduced EPR proposals",Sustainable Packaging Coalition – Packaging Policy Roundup (June 2026); Sustainable Packaging Coalition – Packaging Policy Roundup (July 2026); Holland & Knight – State EPR Law Update (Jan. 2026); Adams & Reese – U.S. Packaging EPR Laws (Mar. 2026); Beveridge & Diamond – Virginia 2026 Legislative Session Environmental Highlights (May 2026); Proskauer – EPR Packaging Law Update (July 2026); Mayer Brown – EPR Packaging Laws Moving from Concept to Compliance (Feb. 2026),https://sustainablepackaging.org/2026/06/22/packaging-policy-news/ ; https://sustainablepackaging.org/2026/07/29/packaging-policy-news/ ; https://www.hklaw.com/en/insights/publications/2026/01/the-latest-pandoras-box-what-you-need-to-know-now-about-state-epr-laws ; https://www.adamsandreese.com/insights/us-packaging-epr-what-producers-need-to-know-now ; https://www.bdlaw.com/publications/environmental-highlights-from-virginias-2026-legislative-session/ ; https://www.proskauer.com/alert/extended-producer-responsibility-packaging-law-update ; https://www.mayerbrown.com/en/insights/publications/2026/02/epr-packaging-laws-moving-from-concept-to-compliance
,WA,Washington,passed,"Washington E2SSB 5284 (Recycling Reform Act), signed into law May 17, 2025, establishing an EPR program for packaging and paper products including glass, plastic (all forms), paper, and metal packaging; now in active implementation phase with CAA designated as PRO.","The Recycling Reform Act (Chapter 70A.208 RCW) is in force (effective July 27, 2025). The July 1, 2026 deadline for producers to join or register with a PRO (Circular Action Alliance, designated March 4, 2026) has passed. Ecology published preliminary statewide collection lists for public comment August 5–19, 2026, and the PRO one-time payment to Ecology was due September 1, 2026. Rulemaking under chapter 173-950 WAC is underway, with full program implementation targeted for January 1, 2030.","May 17, 2025: Governor Ferguson signed E2SSB 5284 (Recycling Reform Act) into law | July 27, 2025: Law became effective as Chapter 316, 2025 Laws / Chapter 70A.208 RCW | March 4, 2026: Washington Dept. of Ecology designated Circular Action Alliance (CAA) as the PRO | July 1, 2026: Deadline for producers to be registered members of the PRO passed | August 5–19, 2026: Public comment period on preliminary statewide collection lists | September 1, 2026: PRO one-time payment to Ecology due to cover program costs through June 30, 2027 | October 1, 2026: Ecology must publish initial statewide collection list | January 1, 2030: Full program implementation target",Washington State Department of Ecology – Recycling Reform Act; Washington State Department of Ecology – Recycling Reform Act Rulemaking (173-950 WAC); Holland & Knight – Washington State Enacts EPR Program for Packaging and Paper Products; Circular Action Alliance – Washington; Circular Action Alliance – CAA Announced as PRO in Washington; Washington State Legislature – SB 5284 Bill Summary; Washington State Legislature – SB 5284 Senate Bill Report (official),https://ecology.wa.gov/waste-toxics/reducing-recycling-waste/our-recycling-programs/recycling-reform-act ; https://ecology.wa.gov/events/rulemaking/173-950-wac-recycling-reform/recycling-reform-act-rulemaking ; https://www.hklaw.com/en/insights/publications/2025/05/washington-state-enacts-epr-program-for-packaging-and-paper-products ; https://circularactionalliance.org/circular-action-alliance-washington ; https://circularactionalliance.org/news-feed/circular-action-alliance-announced-as-the-producer-responsibility-organization-in-washington ; https://app.leg.wa.gov/billsummary?BillNumber=5284&Year=2025&Initiative=false ; https://lawfilesext.leg.wa.gov/biennium/2025-26/Pdf/Bill%20Reports/Senate/5284%20SBR%20ENET%20TA%2025.pdf
,WI,Wisconsin,none,Wisconsin companion EPR packaging bills AB 772 (Assembly) and SB 778 (Senate) were introduced in December 2025 and failed to advance before the legislative session deadline in March 2026. No law was enacted. Bills would need to be reintroduced in a future session.,"AB 772 was introduced December 17, 2025 and referred to the Assembly Committee on Environment; SB 778 was introduced December 12, 2025 and referred to the Senate Committee on Natural Resources, Veteran and Military Affairs. Both bills failed to pass before the March 2026 session deadline and are now dead for the 2025-2026 legislative session. The bill's primary Assembly sponsor, Rep. Snodgrass, has publicly stated intent to reintroduce the measure in a future session.","December 12, 2025: SB 778 introduced by Senators Larson and Carpenter, referred to Senate Committee on Natural Resources, Veteran and Military Affairs | December 17, 2025: AB 772 introduced by Rep. Snodgrass and co-sponsors, referred to Assembly Committee on Environment | March 23, 2026: AB 772 failed to pass; SB 778 also failed — both bills died at the 2025-2026 session deadline | Sponsor Rep. Snodgrass confirmed intent to reintroduce in a future session","Wisconsin Legislature: 2025 Assembly Bill 772 (official bill page); Wisconsin Legislature: 2025 Senate Bill 778 (official bill page); Wisconsin Legislature: AB 772 Full Bill Text; Proskauer Rose LLP – EPR Packaging Law Update (July 1, 2026); Holland & Knight – State EPR Laws Alert (January 22, 2026); Sustainable Packaging Coalition – Packaging Policy Roundup (April 29, 2026); Sustainable Packaging Coalition – Packaging Policy Roundup (June 22, 2026); SPC EPR Guide to All Policies; CSG Midwest – EPR for Packaging in the Midwest (March 11, 2026)",https://docs.legis.wisconsin.gov/2025/proposals/ab772 ; https://docs.legis.wisconsin.gov/2025/proposals/sb778 ; https://docs.legis.wisconsin.gov/2025/related/proposals/ab772 ; https://www.proskauer.com/alert/extended-producer-responsibility-packaging-law-update ; https://www.hklaw.com/en/insights/publications/2026/01/the-latest-pandoras-box-what-you-need-to-know-now-about-state-epr-laws ; https://sustainablepackaging.org/2026/04/29/packaging-policy-news/ ; https://sustainablepackaging.org/2026/06/22/packaging-policy-news/ ; https://epr.sustainablepackaging.org/policies ; https://csgmidwest.org/2026/03/11/most-states-have-some-type-of-extended-producer-responsibility-statute-minnesota-is-implementing-one-new-to-the-midwest-epr-for-packaging/
